movieId,n_ratings
1,247
2,107
3,59
4,13
5,56
6,104
7,53
8,5
9,20
10,122
11,82
12,18
13,8
14,31
15,11
16,88
17,86
18,26
19,92
20,13
21,95
22,38
23,22
24,34
25,101
26,5
27,7
28,18
29,40
30,10
31,42
32,196
34,148
35,11
36,104
37,2
38,2
39,120
40,6
41,23
42,9
43,12
44,38
45,43
46,12
47,201
48,61
49,2
50,201
52,51
53,1
54,3
55,6
57,14
58,45
59,2
60,32
61,7
62,87
63,6
64,10
65,20
66,5
68,8
69,22
70,48
71,7
72,6
73,13
74,19
76,15
77,2
78,10
79,26
80,4
81,18
82,10
83,3
84,1
85,16
86,17
87,3
88,23
89,17
92,12
93,11
94,22
95,93
96,1
97,8
98,1
99,4
100,21
101,17
102,11
103,4
104,94
105,48
107,27
108,1
110,228
111,118
112,49
113,5
114,1
116,6
117,6
118,5
119,1
121,5
122,19
123,7
124,1
125,21
126,10
129,1
130,1
131,1
132,8
135,27
137,1
140,23
141,93
144,26
145,43
146,3
147,21
148,1
149,6
150,200
151,48
152,3
153,129
154,16
155,9
156,11
157,8
158,58
159,8
160,63
161,80
162,33
163,63
164,26
165,142
166,4
167,1
168,43
169,8
170,26
171,6
172,48
173,70
174,4
175,23
176,18
177,13
178,5
179,6
180,44
181,15
183,1
184,2
185,102
186,48
187,3
188,16
189,1
190,6
191,5
193,35
194,24
195,14
196,55
198,43
199,3
200,1
201,1
202,4
203,23
204,31
205,4
206,10
207,28
208,113
209,5
211,3
213,9
214,2
215,18
216,42
217,7
218,15
219,4
220,2
222,22
223,109
224,35
225,52
227,16
228,1
229,12
230,25
231,158
232,24
233,13
234,12
235,78
236,60
237,34
238,5
239,15
240,5
241,4
242,4
243,1
244,1
245,1
246,61
247,43
248,13
249,20
250,4
251,1
252,41
253,125
254,4
255,5
256,42
257,13
258,11
259,5
260,291
261,51
262,20
263,1
264,2
265,62
266,73
267,13
268,4
269,3
270,9
271,4
272,39
273,27
274,3
275,5
276,22
277,35
278,5
279,4
280,22
281,18
282,44
283,1
285,1
287,5
288,107
289,14
290,16
291,6
292,110
293,132
294,3
295,4
296,324
299,16
300,90
301,1
302,7
303,24
304,3
305,12
306,32
307,31
308,22
309,3
312,5
313,7
314,17
315,44
316,145
317,70
318,311
319,38
320,4
321,7
322,14
324,3
325,1
326,7
327,26
328,8
329,114
330,10
331,6
332,10
333,50
334,14
335,3
336,1
337,88
338,15
339,101
340,8
341,2
342,56
343,1
344,175
345,48
346,6
347,7
348,40
349,115
350,70
351,13
352,7
353,67
354,2
355,39
356,341
357,122
358,7
360,12
361,25
362,30
363,5
364,200
365,10
366,11
367,157
368,71
369,9
370,67
371,20
372,34
373,18
374,20
375,3
376,47
377,180
378,12
379,21
380,198
381,29
382,19
383,13
384,4
387,3
388,6
389,1
390,5
391,3
392,3
393,5
401,1
405,16
407,10
408,1
409,1
410,73
412,25
413,26
414,7
415,12
416,6
417,13
418,2
419,15
420,57
421,11
422,9
423,14
424,3
425,4
426,12
427,14
428,23
429,9
431,32
432,63
433,7
434,106
435,55
436,5
437,4
438,2
439,1
440,90
441,37
442,95
443,6
444,7
445,9
446,9
447,1
448,11
449,2
450,16
451,7
452,8
453,5
454,110
455,31
456,6
457,213
458,4
459,2
460,2
461,5
463,7
464,9
465,5
466,59
467,3
468,33
469,8
470,3
471,49
472,2
473,3
474,80
475,31
476,1
477,16
479,4
480,274
481,32
482,10
483,4
484,6
485,53
486,2
487,2
488,4
489,12
490,14
491,21
492,21
493,23
494,61
495,8
496,3
497,60
498,3
499,1
500,153
501,15
502,16
504,5
505,7
506,9
507,17
508,86
509,78
510,5
511,3
512,2
513,6
514,17
515,46
516,13
517,16
518,11
519,24
520,65
521,10
522,9
523,6
524,36
526,1
527,244
528,2
529,45
531,31
532,18
533,6
534,25
535,26
536,4
537,10
538,25
539,125
540,18
541,146
542,19
543,52
544,9
546,17
547,5
548,9
549,12
550,11
551,90
552,50
553,57
554,2
555,70
556,15
558,9
559,1
561,1
562,30
563,1
564,1
565,2
567,2
568,2
569,6
571,1
573,1
574,9
575,14
577,2
580,3
581,17
582,1
585,41
586,129
587,126
588,215
589,237
590,202
592,196
593,304
594,71
595,176
596,66
597,147
599,14
600,1
603,1
605,19
606,6
608,224
609,14
610,33
611,7
612,6
613,13
614,2
615,2
616,42
617,1
619,4
620,2
621,3
626,1
627,9
628,50
630,2
631,10
632,2
633,3
635,7
637,29
638,1
639,5
640,18
647,31
648,168
650,8
651,1
653,62
656,2
659,2
661,53
662,9
663,17
664,2
665,5
667,3
668,4
670,3
671,33
673,50
674,21
678,12
679,1
680,6
681,1
685,4
687,2
688,10
690,2
691,7
692,1
694,10
695,2
696,2
697,3
698,1
700,7
702,1
703,1
704,6
705,3
707,27
708,61
709,12
710,2
711,9
714,11
715,3
718,3
719,34
722,2
724,36
725,4
726,2
728,16
731,4
733,135
735,8
736,150
737,15
741,27
742,6
743,22
745,62
746,1
747,2
748,22
750,105
753,5
754,3
755,1
756,1
757,1
759,2
760,3
761,18
762,39
764,1
765,18
766,9
767,1
775,1
778,124
779,4
780,218
781,4
782,6
783,49
784,59
785,60
786,69
787,2
788,68
793,1
798,12
799,24
800,35
801,12
802,72
803,2
804,14
805,49
806,9
808,2
809,4
810,8
813,3
816,1
818,14
820,1
824,3
828,4
829,7
830,26
831,2
832,76
833,4
834,1
835,6
836,13
837,18
838,41
839,11
840,2
841,7
842,3
844,1
845,1
846,3
848,11
849,28
850,4
851,8
852,52
854,1
858,200
861,12
864,4
865,1
866,27
867,1
869,4
870,3
872,1
875,2
876,1
879,5
880,25
881,4
882,3
885,1
886,1
888,3
889,1
891,9
892,7
893,3
896,3
897,4
898,37
899,64
900,22
901,12
902,44
903,69
904,92
905,25
906,13
907,11
908,87
909,33
910,66
911,27
912,117
913,62
914,51
915,23
916,26
917,8
918,14
919,117
920,68
921,20
922,39
923,85
924,123
926,38
927,5
928,23
929,5
930,21
931,16
932,16
933,29
934,24
935,6
936,13
937,5
938,11
939,1
940,18
941,4
942,26
943,12
944,3
945,21
946,10
947,11
948,11
949,16
950,17
951,26
952,21
953,72
954,31
955,30
956,3
957,1
960,2
961,1
962,2
963,2
964,2
965,16
966,1
968,27
969,50
970,5
971,17
972,1
973,7
976,4
980,1
981,1
982,4
984,2
986,14
987,1
988,4
990,1
991,12
992,2
994,22
996,8
997,3
998,3
999,16
1003,5
1004,3
1005,7
1006,6
1007,11
1008,5
1009,18
1010,17
1011,9
1012,19
1013,21
1014,10
1015,23
1016,10
1017,17
1018,10
1019,37
1020,29
1021,14
1022,55
1023,17
1024,4
1025,26
1026,1
1027,44
1028,78
1029,42
1030,18
1031,22
1032,49
1033,21
1034,10
1035,80
1036,151
1037,27
1040,1
1041,26
1042,49
1043,4
1044,1
1046,8
1047,30
1049,21
1050,9
1051,7
1053,1
1054,2
1055,3
1056,4
1057,17
1059,58
1060,42
1061,33
1063,3
1064,14
1066,11
1067,1
1068,1
1069,3
1073,148
1076,2
1077,39
1078,19
1079,89
1080,91
1081,29
1082,16
1083,8
1084,56
1085,8
1086,26
1087,4
1088,53
1089,132
1090,68
1091,27
1092,56
1093,36
1094,50
1095,27
1096,26
1097,160
1099,11
1100,19
1101,74
1103,40
1104,40
1105,2
1111,8
1112,3
1113,7
1114,3
1120,33
1123,2
1124,28
1125,28
1126,11
1127,71
1128,6
1129,48
1130,8
1131,17
1132,16
1135,23
1136,145
1137,1
1145,1
1147,16
1148,75
1150,10
1151,1
1152,1
1153,1
1154,1
1161,8
1162,5
1163,2
1164,1
1165,1
1167,3
1168,1
1169,1
1171,31
1172,46
1173,19
1174,1
1175,30
1176,9
1177,13
1178,15
1179,40
1180,3
1181,1
1183,74
1184,4
1185,28
1186,29
1187,11
1188,34
1189,20
1190,5
1191,10
1192,9
1193,144
1194,15
1196,234
1197,163
1198,220
1199,62
1200,125
1201,57
1202,7
1203,74
1204,51
1206,121
1207,80
1208,112
1209,16
1210,217
1211,19
1212,38
1213,131
1214,127
1215,52
1216,5
1217,26
1218,14
1219,77
1220,94
1221,135
1222,104
1223,39
1224,22
1225,100
1226,13
1227,22
1228,50
1230,80
1231,45
1232,10
1233,51
1234,63
1235,44
1236,5
1237,16
1238,17
1240,158
1241,11
1242,58
1243,22
1244,54
1245,27
1246,95
1247,89
1248,19
1249,39
1250,65
1251,20
1252,76
1253,20
1254,30
1255,12
1256,34
1257,24
1258,101
1259,112
1260,21
1261,33
1262,49
1263,48
1264,14
1265,165
1266,57
1267,49
1268,17
1269,37
1270,226
1271,40
1272,40
1273,19
1274,34
1275,49
1276,46
1277,11
1278,74
1279,12
1280,19
1281,23
1282,64
1283,21
1284,32
1285,61
1286,18
1287,46
1288,82
1289,13
1290,12
1291,147
1292,28
1293,46
1295,17
1296,31
1297,20
1298,24
1299,35
1300,19
1301,9
1302,67
1303,15
1304,75
1305,12
1306,7
1307,87
1310,1
1311,1
1312,1
1317,1
1320,55
1321,38
1322,2
1323,4
1324,1
1325,1
1326,3
1327,13
1328,1
1329,1
1330,7
1331,3
1332,7
1333,51
1334,15
1335,1
1336,2
1337,3
1339,52
1340,8
1341,4
1342,17
1343,39
1344,19
1345,37
1346,9
1347,32
1348,21
1349,2
1350,25
1351,2
1352,4
1353,13
1354,20
1355,2
1356,82
1357,37
1358,66
1359,11
1361,13
1363,7
1365,5
1366,13
1367,37
1369,2
1370,66
1371,47
1372,47
1373,25
1374,72
1375,54
1376,65
1377,64
1378,28
1379,14
1380,90
1381,19
1382,2
1384,1
1385,18
1387,108
1388,27
1389,12
1390,6
1391,80
1392,8
1393,106
1394,70
1395,14
1396,51
1397,2
1398,4
1399,10
1401,8
1404,4
1405,46
1406,4
1407,73
1408,43
1409,33
1410,4
1411,25
1413,4
1414,10
1415,2
1416,22
1417,1
1419,10
1420,1
1422,15
1423,2
1425,9
1427,5
1428,1
1429,13
1430,1
1431,9
1432,5
1433,1
1437,3
1438,22
1440,4
1441,28
1442,2
1444,1
1445,3
1446,9
1447,3
1449,29
1450,1
1453,7
1454,1
1455,1
1456,2
1457,10
1458,1
1459,20
1460,6
1461,14
1463,2
1464,20
1465,1
1466,39
1468,3
1472,1
1473,2
1474,6
1475,3
1476,23
1479,35
1480,6
1482,2
1483,9
1484,3
1485,71
1487,8
1488,15
1489,4
1490,2
1493,1
1495,2
1497,3
1498,7
1499,28
1500,64
1501,1
1502,2
1503,6
1504,2
1507,2
1508,3
1513,45
1515,20
1516,4
1517,107
1518,13
1523,2
1525,2
1526,6
1527,118
1529,3
1531,1
1532,1
1535,5
1537,18
1539,1
1541,16
1542,5
1543,1
1544,67
1545,2
1546,2
1549,1
1550,1
1552,59
1554,6
1555,1
1556,23
1562,47
1563,1
1564,2
1566,32
1569,52
1570,1
1571,1
1572,3
1573,83
1575,1
1580,190
1581,5
1582,2
1583,2
1584,92
1586,27
1587,24
1588,17
1589,19
1590,23
1591,15
1592,7
1593,7
1594,14
1595,3
1596,3
1597,44
1598,4
1599,4
1600,4
1601,4
1602,2
1603,10
1604,2
1605,5
1606,4
1608,70
1609,2
1610,97
1611,12
1612,6
1613,1
1614,25
1615,10
1616,14
1617,125
1619,19
1620,20
1621,2
1623,5
1624,1
1625,76
1626,3
1627,11
1629,5
1631,2
1632,1
1633,8
1635,17
1636,2
1639,65
1640,1
1641,64
1642,4
1643,10
1644,30
1645,60
1646,7
1647,6
1648,9
1649,6
1652,2
1653,84
1654,2
1655,2
1657,1
1658,8
1660,2
1661,4
1663,40
1665,8
1667,8
1668,3
1669,1
1670,5
1671,1
1672,15
1673,62
1674,56
1676,72
1678,21
1680,26
1681,9
1682,137
1683,10
1684,5
1686,5
1687,21
1688,22
1689,12
1690,45
1692,1
1693,25
1694,16
1696,1
1699,9
1701,16
1702,16
1703,5
1704,157
1707,9
1711,20
1713,16
1715,1
1717,32
1719,23
1721,164
1722,49
1726,7
1727,7
1728,1
1729,57
1730,5
1731,1
1732,120
1733,1
1734,13
1735,15
1739,2
1744,4
1746,3
1747,59
1748,51
1750,1
1752,7
1753,10
1754,13
1755,2
1756,1
1757,2
1759,1
1760,13
1762,4
1767,2
1769,9
1771,1
1772,15
1777,70
1779,19
1783,3
1784,99
1785,5
1788,4
1791,4
1792,22
1794,6
1795,1
1796,1
1797,12
1798,3
1799,9
1801,22
1804,3
1805,39
1806,2
1807,2
1809,4
1810,15
1812,2
1816,4
1819,1
1821,9
1822,1
1824,3
1826,2
1827,9
1831,26
1833,11
1834,23
1835,23
1836,9
1837,3
1839,4
1840,4
1841,4
1844,3
1845,12
1846,2
1848,10
1852,1
1854,1
1855,5
1856,8
1858,6
1859,2
1860,3
1861,1
1862,8
1863,7
1864,1
1865,6
1866,5
1870,1
1873,13
1874,1
1875,6
1876,48
1878,1
1880,2
1881,4
1882,28
1883,31
1884,44
1885,24
1886,1
1887,6
1888,15
1889,6
1891,1
1892,23
1894,23
1895,14
1896,1
1897,7
1900,5
1901,1
1902,2
1903,2
1904,4
1907,42
1909,47
1910,1
1911,27
1912,29
1913,7
1914,13
1916,14
1917,113
1918,42
1919,2
1920,17
1921,40
1922,3
1923,123
1924,9
1925,2
1926,1
1927,14
1928,1
1929,7
1931,10
1932,2
1933,1
1934,9
1935,8
1936,4
1937,4
1938,7
1939,11
1940,7
1941,6
1942,6
1943,6
1944,20
1945,29
1946,12
1947,45
1948,12
1949,10
1950,22
1951,14
1952,39
1953,46
1954,69
1955,31
1956,31
1957,42
1958,34
1959,30
1960,31
1961,119
1962,40
1963,10
1964,15
1965,32
1966,12
1967,36
1968,117
1969,8
1970,5
1971,3
1972,5
1973,3
1974,17
1975,9
1976,6
1977,6
1978,2
1979,4
1980,1
1981,3
1982,26
1983,8
1984,8
1985,5
1986,2
1987,4
1988,2
1989,1
1990,1
1991,10
1992,5
1993,4
1994,38
1995,8
1996,4
1997,64
1998,2
1999,3
2000,90
2001,57
2002,39
2003,47
2004,21
2005,51
2006,55
2007,1
2008,1
2009,17
2010,26
2011,99
2012,94
2013,28
2014,15
2015,19
2016,4
2017,7
2018,34
2019,54
2020,34
2021,30
2022,13
2023,35
2024,3
2025,13
2026,5
2027,8
2028,191
2029,5
2031,2
2032,1
2033,12
2034,9
2035,1
2036,4
2037,3
2038,8
2039,1
2040,6
2041,6
2042,10
2043,8
2044,4
2045,5
2046,17
2047,1
2048,4
2049,1
2050,6
2051,4
2052,7
2053,17
2054,76
2055,1
2056,1
2057,4
2058,33
2059,18
2060,12
2062,2
2063,1
2064,42
2065,21
2066,7
2067,22
2068,10
2069,9
2070,13
2071,8
2072,19
2073,5
2074,1
2075,3
2076,41
2077,6
2078,46
2079,1
2080,51
2081,78
2082,22
2083,14
2084,8
2085,41
2086,1
2087,38
2088,25
2089,12
2090,14
2091,3
2092,13
2093,9
2094,32
2095,4
2096,35
2097,6
2098,2
2099,10
2100,52
2101,2
2102,7
2103,1
2104,3
2105,47
2106,10
2107,10
2108,39
2109,51
2110,15
2111,13
2112,17
2113,4
2114,23
2115,98
2116,19
2117,13
2118,20
2119,6
2120,9
2121,9
2122,11
2123,10
2124,35
2125,28
2126,23
2128,2
2130,12
2131,5
2132,23
2133,22
2134,36
2135,12
2136,18
2137,25
2138,14
2139,27
2140,28
2141,26
2142,12
2143,15
2144,46
2145,42
2146,18
2147,5
2148,6
2149,2
2150,36
2151,5
2152,2
2153,13
2154,6
2155,10
2159,8
2160,36
2161,38
2162,9
2163,9
2164,2
2165,7
2166,8
2167,58
2168,4
2169,6
2170,4
2171,4
2173,3
2174,104
2176,12
2177,2
2178,9
2180,2
2181,5
2182,2
2183,9
2184,8
2186,23
2187,2
2188,15
2189,1
2190,1
2191,1
2193,42
2194,78
2195,7
2197,1
2200,1
2201,2
2202,11
2203,10
2204,3
2205,2
2206,5
2207,1
2208,14
2210,1
2212,1
2214,1
2215,1
2219,1
2221,1
2227,1
2231,36
2232,21
2236,8
2237,2
2238,3
2239,3
2240,13
2241,6
2243,36
2244,1
2245,25
2246,1
2247,16
2248,47
2249,13
2250,5
2252,13
2253,20
2254,1
2255,5
2256,1
2257,2
2259,11
2260,2
2261,4
2262,17
2263,8
2264,4
2265,3
2266,6
2267,4
2268,76
2269,15
2271,4
2272,5
2273,43
2275,3
2276,2
2278,40
2279,11
2280,5
2282,14
2283,3
2284,1
2285,3
2286,3
2287,6
2288,33
2289,44
2290,8
2291,89
2292,1
2294,53
2295,2
2296,8
2297,13
2300,33
2301,18
2302,76
2303,21
2304,4
2305,1
2306,5
2307,1
2310,5
2311,15
2312,15
2313,28
2314,2
2315,6
2316,14
2318,23
2320,4
2321,64
2322,7
2323,1
2324,99
2325,4
2327,5
2328,4
2329,107
2330,3
2331,9
2333,23
2334,16
2335,26
2336,48
2337,6
2338,13
2339,1
2340,23
2342,1
2344,6
2345,4
2346,14
2347,3
2348,11
2349,11
2350,1
2351,7
2352,36
2353,67
2354,2
2355,105
2356,10
2357,11
2359,30
2360,11
2361,8
2362,4
2363,11
2364,4
2365,5
2366,23
2367,11
2368,3
2369,35
2370,3
2371,28
2372,11
2373,6
2374,8
2375,22
2376,19
2377,2
2378,22
2379,19
2380,15
2381,14
2382,13
2383,12
2384,30
2385,8
2386,3
2387,13
2388,1
2389,13
2390,11
2391,31
2392,10
2393,17
2394,35
2395,68
2396,121
2397,2
2398,22
2399,2
2400,1
2401,7
2402,14
2403,18
2404,13
2405,31
2406,65
2407,43
2408,8
2409,17
2410,21
2411,21
2412,19
2413,19
2414,9
2415,2
2416,14
2417,5
2418,6
2419,3
2420,38
2421,27
2422,19
2423,25
2424,60
2425,5
2427,36
2428,22
2429,8
2430,5
2431,28
2432,5
2433,19
2434,4
2435,4
2436,8
2437,1
2438,1
2439,10
2440,4
2441,2
2442,7
2443,5
2445,4
2446,5
2447,13
2448,2
2449,2
2450,12
2451,3
2453,7
2454,14
2455,47
2456,7
2457,5
2458,5
2459,17
2460,5
2461,2
2462,4
2463,20
2464,2
2465,2
2467,23
2468,15
2469,22
2470,60
2471,22
2472,4
2473,9
2474,17
2475,4
2476,3
2478,31
2479,1
2481,2
2482,4
2483,2
2485,29
2486,1
2487,1
2488,5
2490,32
2491,5
2492,5
2493,1
2494,2
2495,4
2496,21
2497,10
2498,3
2499,2
2500,3
2501,35
2502,106
2504,7
2505,18
2506,4
2507,1
2511,3
2513,18
2514,4
2515,1
2516,2
2517,8
2518,9
2519,1
2520,15
2521,9
2522,11
2523,3
2524,10
2525,5
2526,1
2527,13
2528,28
2529,57
2530,8
2531,6
2532,7
2533,13
2534,1
2535,6
2536,3
2537,2
2539,51
2540,5
2541,51
2542,74
2545,4
2546,8
2548,4
2549,9
2550,3
2551,12
2552,2
2553,5
2554,3
2555,4
2557,3
2558,12
2559,2
2560,5
2561,8
2562,1
2563,3
2565,21
2566,1
2567,21
2568,6
2569,1
2570,5
2571,259
2572,57
2573,1
2574,11
2575,9
2577,3
2579,4
2580,50
2581,35
2582,4
2583,9
2585,4
2586,1
2587,5
2589,2
2590,4
2594,9
2596,10
2597,3
2598,20
2599,79
2600,24
2605,41
2606,7
2607,6
2609,2
2610,4
2611,4
2612,9
2613,5
2615,3
2616,27
2617,79
2618,3
2620,3
2621,4
2622,21
2624,3
2625,1
2626,4
2627,1
2628,138
2629,4
2630,2
2631,1
2633,3
2634,3
2635,2
2636,1
2637,1
2638,1
2639,10
2640,75
2641,38
2642,24
2643,12
2644,9
2647,1
2648,15
2649,1
2650,1
2651,2
2652,2
2653,1
2654,4
2655,1
2656,2
2657,63
2659,3
2660,2
2661,2
2662,18
2664,19
2668,10
2669,3
2670,6
2671,64
2672,18
2673,2
2674,1
2676,4
2677,13
2678,3
2681,1
2682,4
2683,112
2686,22
2687,28
2688,31
2689,3
2690,20
2691,2
2692,80
2693,10
2694,29
2696,5
2697,3
2699,62
2700,75
2701,47
2702,21
2704,3
2706,111
2707,36
2708,1
2709,7
2710,86
2712,63
2713,21
2714,3
2715,3
2716,147
2717,43
2718,13
2719,21
2720,20
2721,6
2722,34
2723,36
2724,45
2725,5
2726,11
2727,2
2728,19
2729,16
2730,12
2731,14
2732,10
2733,3
2734,18
2735,18
2736,14
2738,6
2739,31
2741,3
2745,10
2746,45
2747,14
2748,5
2749,5
2750,22
2751,2
2752,5
2753,3
2754,1
2755,2
2757,7
2758,1
2759,22
2761,42
2762,193
2763,39
2764,6
2766,1
2767,2
2769,6
2770,51
2771,4
2772,6
2774,3
2775,2
2776,1
2779,21
2780,3
2781,2
2782,3
2783,1
2784,3
2786,2
2787,8
2788,22
2789,5
2790,6
2791,106
2792,25
2793,9
2794,16
2795,30
2796,9
2797,107
2798,4
2799,2
2800,1
2801,5
2802,10
2803,25
2804,75
2805,23
2806,11
2807,2
2808,16
2809,2
2810,6
2812,1
2815,6
2816,4
2817,3
2819,15
2820,2
2822,10
2824,2
2826,25
2827,11
2828,2
2829,11
2832,1
2835,1
2836,3
2837,1
2839,1
2840,24
2841,22
2843,3
2844,3
2845,1
2846,9
2847,3
2848,1
2849,1
2850,1
2852,6
2853,2
2855,1
2856,5
2857,21
2858,220
2859,5
2860,10
2861,15
2862,8
2863,30
2864,2
2866,10
2867,10
2868,2
2869,1
2870,8
2871,32
2872,16
2874,2
2875,18
2876,3
2877,9
2878,2
2879,5
2880,1
2881,43
2882,6
2883,8
2884,1
2885,2
2886,4
2887,2
2888,11
2889,7
2890,46
2891,6
2892,3
2893,1
2894,2
2897,1
2898,2
2899,3
2900,3
2901,9
2902,4
2903,3
2904,1
2905,7
2906,9
2907,6
2908,44
2912,17
2913,1
2915,42
2916,104
2917,22
2918,133
2919,17
2920,4
2921,9
2922,3
2923,1
2924,6
2925,7
2926,21
2927,2
2928,3
2929,14
2930,2
2932,6
2935,10
2936,6
2937,4
2938,3
2939,2
2940,8
2941,14
2942,30
2943,6
2944,35
2945,1
2946,11
2947,53
2948,32
2949,31
2950,19
2951,19
2952,11
2953,31
2956,6
2959,202
2961,11
2962,4
2964,4
2966,19
2967,5
2968,43
2969,3
2970,6
2971,20
2972,2
2973,28
2974,4
2975,2
2976,21
2977,2
2978,8
2979,2
2981,1
2982,1
2983,2
2984,1
2985,58
2986,19
2987,108
2988,8
2989,18
2990,17
2991,24
2992,1
2993,17
2995,16
2996,2
2997,126
2998,1
3000,38
3001,1
3002,2
3003,1
3004,13
3005,30
3006,45
3007,14
3008,3
3010,2
3011,10
3013,3
3015,6
3016,15
3017,5
3018,14
3019,27
3020,31
3021,1
3022,14
3024,3
3025,1
3028,4
3029,2
3030,9
3031,1
3032,7
3033,58
3034,29
3035,17
3036,4
3037,18
3038,4
3039,48
3040,6
3041,1
3042,3
3043,1
3044,24
3045,4
3046,3
3047,1
3048,2
3051,11
3052,79
3053,10
3054,7
3055,2
3057,2
3060,21
3061,11
3062,11
3063,7
3064,3
3066,10
3067,14
3068,17
3069,5
3070,11
3071,11
3072,37
3074,6
3075,5
3076,4
3077,9
3078,2
3079,7
3081,52
3082,36
3083,20
3086,5
3087,30
3088,19
3089,23
3090,6
3091,5
3093,7
3094,3
3095,31
3096,5
3097,12
3098,35
3099,9
3100,28
3101,49
3102,10
3103,3
3104,29
3105,19
3106,3
3107,32
3108,37
3109,1
3110,3
3111,9
3112,3
3113,19
3114,125
3115,3
3116,1
3117,4
3118,2
3120,3
3121,1
3122,1
3125,10
3127,6
3128,4
3129,12
3130,12
3133,2
3134,12
3135,9
3136,2
3138,4
3140,1
3141,4
3142,5
3143,1
3144,2
3145,6
3146,22
3147,103
3148,39
3150,3
3152,21
3153,7
3155,11
3156,18
3157,27
3158,2
3159,17
3160,57
3161,1
3163,7
3165,1
3166,1
3167,8
3168,25
3169,13
3171,2
3173,25
3174,35
3175,65
3176,66
3177,6
3178,22
3179,11
3180,1
3181,6
3182,8
3183,4
3185,13
3186,20
3188,4
3189,9
3190,1
3192,1
3194,11
3196,20
3197,4
3198,21
3199,3
3200,10
3201,20
3202,1
3203,15
3204,7
3205,1
3206,4
3207,1
3208,6
3210,52
3211,2
3213,10
3214,1
3216,1
3217,1
3218,5
3219,13
3221,2
3223,4
3224,4
3225,5
3232,1
3235,3
3238,6
3239,1
3240,2
3241,2
3243,8
3244,14
3245,1
3246,29
3247,37
3248,15
3249,17
3250,12
3251,10
3252,30
3253,74
3254,22
3255,57
3256,48
3257,29
3258,21
3259,15
3260,17
3261,12
3262,12
3263,29
3264,15
3265,10
3266,8
3267,14
3268,10
3269,20
3270,11
3271,15
3272,8
3273,27
3274,11
3275,22
3276,1
3281,1
3282,2
3284,4
3285,27
3286,6
3287,4
3289,2
3292,1
3294,1
3296,8
3298,29
3299,6
3300,26
3301,26
3302,1
3303,1
3304,3
3306,4
3307,23
3308,10
3309,2
3310,8
3313,2
3314,1
3316,11
3317,35
3318,1
3320,2
3324,7
3325,3
3326,3
3327,3
3328,20
3329,1
3330,7
3331,1
3334,16
3338,1
3339,1
3340,3
3341,12
3342,7
3343,2
3344,1
3347,6
3349,1
3350,10
3351,1
3354,30
3355,12
3357,4
3358,18
3359,19
3360,27
3361,44
3362,29
3363,38
3364,7
3365,14
3368,4
3370,1
3371,4
3377,1
3379,6
3380,1
3384,3
3385,3
3386,42
3387,5
3388,9
3390,2
3391,3
3392,5
3393,1
3394,4
3395,5
3396,35
3397,10
3398,11
3399,1
3400,2
3401,4
3402,1
3404,12
3405,8
3406,4
3408,85
3409,28
3412,8
3414,4
3415,2
3417,3
3418,45
3420,13
3421,59
3422,8
3423,1
3424,32
3425,1
3426,6
3427,2
3428,3
3429,10
3430,7
3431,2
3432,1
3434,1
3435,32
3436,8
3437,1
3438,18
3439,10
3440,5
3441,14
3442,2
3444,4
3445,9
3446,1
3447,1
3448,53
3449,2
3450,31
3451,18
3452,19
3453,2
3454,1
3456,4
3457,6
3459,2
3460,1
3461,13
3462,32
3463,1
3465,1
3466,5
3467,17
3468,23
3469,12
3470,4
3471,62
3474,1
3475,4
3476,24
3477,10
3478,12
3479,21
3480,7
3481,88
3483,6
3484,11
3487,1
3489,43
3490,2
3491,1
3492,1
3494,13
3495,1
3496,2
3497,2
3498,13
3499,45
3500,5
3501,8
3502,2
3503,10
3504,38
3505,11
3506,4
3507,21
3508,13
3509,3
3510,41
3511,4
3512,19
3513,7
3515,5
3516,8
3518,1
3519,6
3520,3
3521,11
3522,1
3524,17
3525,5
3526,23
3527,53
3528,14
3529,9
3531,1
3534,24
3535,51
3536,18
3537,6
3538,9
3539,3
3540,2
3543,22
3544,3
3545,22
3546,16
3547,4
3548,16
3549,18
3550,3
3551,17
3552,54
3553,1
3554,3
3555,29
3556,30
3557,6
3559,6
3560,1
3563,2
3564,11
3565,11
3566,11
3567,1
3568,1
3569,7
3571,5
3572,2
3573,2
3574,2
3575,1
3576,2
3577,4
3578,161
3579,3
3580,1
3581,6
3584,4
3587,1
3588,2
3590,3
3591,18
3593,19
3594,12
3596,1
3598,6
3599,4
3600,4
3602,1
3604,5
3605,2
3606,9
3608,29
3609,2
3611,1
3612,1
3613,2
3614,17
3615,13
3616,3
3617,37
3618,10
3619,1
3620,2
3621,1
3622,2
3623,81
3624,38
3626,3
3627,3
3628,1
3629,11
3632,3
3633,12
3634,6
3635,22
3637,1
3638,23
3639,18
3640,2
3643,2
3646,8
3649,11
3653,10
3654,13
3655,2
3656,1
3657,2
3658,2
3659,1
3660,2
3661,1
3662,1
3663,1
3664,1
3665,1
3668,13
3669,3
3671,62
3672,8
3673,2
3674,3
3675,11
3676,14
3677,8
3678,5
3679,4
3680,3
3681,14
3682,7
3683,24
3684,9
3685,15
3686,20
3687,1
3688,12
3689,5
3690,5
3691,2
3692,2
3693,5
3694,3
3695,2
3696,3
3697,19
3698,24
3699,22
3700,3
3701,16
3702,35
3703,29
3704,19
3705,9
3706,14
3707,10
3708,3
3709,3
3710,1
3712,12
3713,4
3714,2
3715,3
3716,2
3717,56
3718,2
3719,1
3720,2
3721,2
3723,5
3724,13
3725,4
3726,4
3727,5
3728,7
3729,3
3730,23
3731,2
3732,3
3733,7
3734,8
3735,27
3736,7
3737,1
3738,5
3739,3
3740,22
3741,13
3742,16
3743,2
3744,13
3745,23
3746,1
3747,7
3751,99
3752,43
3753,65
3754,6
3755,53
3757,1
3758,2
3759,2
3760,9
3761,3
3763,21
3764,5
3765,1
3766,3
3768,1
3769,5
3770,3
3771,4
3773,6
3774,2
3775,1
3777,2
3780,1
3783,14
3784,2
3785,37
3786,5
3787,2
3788,15
3789,5
3790,1
3791,24
3792,3
3793,127
3794,5
3795,2
3798,26
3799,4
3800,1
3801,15
3802,5
3804,2
3805,1
3806,3
3807,5
3809,29
3810,4
3811,9
3812,11
3813,6
3814,13
3816,3
3819,5
3820,1
3821,14
3822,2
3823,4
3824,5
3825,27
3826,30
3827,18
3829,1
3831,6
3832,1
3833,3
3834,4
3835,3
3836,9
3837,1
3838,1
3839,1
3840,2
3841,9
3843,2
3844,20
3845,1
3846,1
3847,1
3848,1
3849,1
3851,1
3852,12
3854,2
3855,2
3857,4
3858,3
3859,2
3860,1
3861,14
3863,34
3864,4
3865,6
3868,35
3869,27
3870,1
3871,10
3872,3
3873,11
3875,1
3877,5
3879,1
3880,1
3882,20
3883,1
3885,1
3886,3
3889,5
3890,1
3891,1
3892,2
3893,21
3895,2
3896,8
3897,99
3900,1
3901,2
3902,1
3903,3
3905,1
3906,1
3908,5
3909,1
3910,23
3911,59
3913,2
3914,3
3915,3
3916,39
3917,11
3918,4
3919,3
3920,2
3921,2
3922,2
3923,1
3924,1
3925,8
3926,2
3927,10
3928,5
3929,9
3930,5
3932,4
3933,1
3934,1
3936,6
3937,2
3938,1
3939,1
3940,1
3941,1
3942,1
3943,3
3945,1
3946,7
3947,1
3948,88
3949,69
3950,9
3951,1
3952,17
3953,3
3955,4
3956,2
3957,8
3959,16
3960,1
3961,3
3962,2
3963,8
3964,2
3965,3
3966,2
3967,43
3968,17
3969,23
3970,3
3971,1
3972,11
3973,5
3975,4
3976,1
3977,79
3978,10
3979,18
3980,14
3981,12
3983,16
3984,23
3985,1
3986,20
3987,10
3988,29
3989,5
3990,4
3991,11
3992,4
3993,16
3994,62
3996,114
3997,10
3998,14
3999,20
4000,1
4001,1
4002,36
4003,2
4005,5
4006,9
4007,20
4008,24
4009,4
4010,11
4011,95
4012,4
4014,45
4015,22
4016,32
4017,11
4018,44
4019,26
4020,11
4021,9
4022,96
4023,21
4024,4
4025,53
4026,1
4027,96
4029,15
4030,4
4031,4
4033,18
4034,73
4035,1
4036,10
4037,8
4039,13
4040,9
4041,11
4042,4
4043,2
4045,1
4046,2
4047,5
4048,1
4052,8
4053,1
4054,21
4055,4
4056,11
4060,1
4061,5
4062,7
4063,3
4066,9
4067,3
4068,2
4069,26
4073,1
4076,1
4077,1
4079,1
4080,5
4081,4
4082,1
4084,14
4085,51
4086,4
4088,1
4089,1
4090,8
4091,5
4092,1
4095,2
4098,2
4101,1
4102,9
4103,14
4104,2
4105,24
4106,1
4108,1
4109,2
4111,3
4114,1
4115,1
4116,5
4117,6
4121,11
4122,1
4123,1
4124,6
4126,3
4128,20
4130,5
4131,1
4132,12
4133,3
4135,3
4136,1
4139,1
4140,1
4141,2
4142,1
4143,3
4144,8
4146,2
4148,33
4149,8
4151,1
4153,3
4155,6
4156,1
4158,2
4159,4
4161,30
4162,1
4166,4
4167,8
4168,3
4169,1
4171,1
4173,1
4174,5
4175,1
4177,3
4178,6
4179,3
4180,1
4181,1
4183,1
4184,3
4185,1
4186,5
4187,8
4188,4
4189,2
4190,9
4191,6
4194,2
4195,2
4197,1
4198,1
4200,1
4201,1
4203,4
4205,6
4208,1
4210,10
4211,7
4212,5
4213,3
4214,14
4215,1
4216,3
4217,5
4218,4
4219,4
4220,6
4221,3
4222,1
4223,37
4224,2
4225,11
4226,132
4228,10
4229,2
4231,4
4232,14
4233,1
4234,6
4235,30
4236,2
4237,3
4238,17
4239,37
4241,2
4246,71
4247,10
4248,2
4251,3
4252,1
4254,5
4255,7
4262,49
4263,6
4265,3
4266,1
4267,3
4268,1
4270,32
4271,3
4273,3
4274,2
4275,7
4276,3
4277,3
4278,5
4279,2
4280,10
4281,1
4282,3
4284,1
4290,3
4291,9
4292,7
4293,2
4294,3
4296,4
4297,3
4298,2
4299,28
4300,2
4302,1
4304,5
4305,3
4306,174
4308,55
4310,42
4312,4
4316,2
4317,5
4318,4
4319,1
4321,28
4322,13
4324,1
4326,11
4327,14
4329,4
4332,1
4333,12
4334,4
4337,1
4338,2
4339,4
4340,8
4342,1
4343,20
4344,33
4345,6
4347,1
4349,4
4350,1
4351,17
4352,3
4353,1
4354,1
4355,2
4356,6
4357,7
4359,6
4360,2
4361,29
4366,6
4367,35
4368,4
4369,40
4370,55
4371,2
4372,9
4375,1
4378,13
4380,3
4381,2
4383,3
4384,3
4386,6
4387,6
4388,19
4389,2
4390,1
4391,1
4392,1
4394,3
4396,4
4397,1
4399,1
4401,1
4402,1
4403,2
4404,2
4405,1
4406,11
4407,2
4409,5
4410,3
4411,1
4414,1
4415,1
4417,1
4420,4
4422,5
4424,7
4426,1
4427,9
4428,1
4432,7
4433,2
4437,4
4438,3
4440,3
4441,3
4442,1
4443,4
4444,3
4445,2
4446,19
4447,47
4448,18
4450,7
4451,1
4452,5
4453,2
4454,2
4458,2
4459,1
4462,1
4464,5
4465,7
4466,1
4467,13
4469,1
4470,1
4471,1
4473,1
4474,6
4475,1
4477,1
4478,6
4479,1
4480,4
4482,4
4483,4
4486,3
4487,6
4488,4
4489,24
4490,2
4491,1
4492,4
4493,1
4495,4
4496,3
4498,1
4499,21
4500,1
4501,3
4502,3
4503,4
4506,4
4508,5
4509,2
4511,1
4515,2
4516,2
4518,2
4519,5
4520,3
4521,1
4522,1
4523,2
4524,1
4526,5
4527,1
4528,1
4529,2
4531,2
4532,2
4533,5
4534,2
4535,5
4537,4
4538,1
4539,1
4541,1
4543,1
4544,3
4545,14
4546,5
4550,1
4552,4
4553,3
4555,1
4557,9
4558,11
4559,1
4560,1
4561,1
4562,2
4563,5
4564,8
4565,1
4566,2
4567,1
4569,1
4570,3
4571,40
4572,3
4573,1
4577,2
4578,1
4584,1
4585,4
4587,7
4589,2
4590,1
4591,1
4592,1
4593,1
4600,1
4602,1
4603,3
4605,1
4606,1
4608,1
4610,1
4612,2
4614,3
4615,1
4616,8
4617,1
4618,5
4619,2
4621,14
4622,1
4623,23
4624,4
4625,2
4626,1
4627,3
4628,4
4629,2
4630,2
4632,1
4634,1
4636,1
4638,31
4639,14
4640,1
4641,36
4642,7
4643,44
4644,1
4645,1
4649,6
4652,2
4654,6
4655,1
4658,5
4659,1
4660,3
4661,5
4662,4
4663,1
4664,4
4666,2
4667,1
4670,2
4673,10
4674,1
4675,2
4676,3
4677,4
4678,8
4679,10
4680,1
4681,9
4682,3
4684,1
4686,4
4687,1
4688,3
4690,2
4691,1
4692,1
4696,2
4697,4
4698,1
4699,6
4700,18
4701,26
4703,3
4704,3
4705,4
4706,1
4709,5
4710,2
4711,1
4713,5
4714,3
4716,1
4717,1
4718,39
4719,2
4720,49
4721,2
4722,3
4723,5
4724,1
4725,1
4727,6
4728,8
4731,1
4732,3
4733,2
4734,31
4735,6
4736,1
4737,2
4738,3
4740,1
4741,1
4743,2
4744,5
4745,3
4748,1
4749,2
4750,2
4751,1
4752,2
4753,1
4754,2
4755,1
4756,3
4757,7
4761,1
4765,4
4766,1
4767,3
4768,2
4769,3
4770,1
4771,1
4772,4
4774,2
4775,3
4776,37
4782,2
4783,3
4784,4
4787,7
4789,1
4792,4
4795,4
4796,1
4798,2
4799,7
4800,2
4801,2
4802,6
4803,6
4804,1
4806,2
4809,5
4810,2
4811,2
4812,1
4814,11
4815,2
4816,46
4818,1
4821,3
4822,1
4823,19
4826,2
4830,2
4831,1
4832,2
4833,3
4834,2
4835,8
4836,2
4837,2
4840,1
4842,1
4844,14
4846,10
4848,39
4849,1
4851,1
4854,1
4855,23
4857,13
4859,1
4861,1
4862,3
4863,1
4865,20
4866,5
4867,5
4873,11
4874,24
4875,1
4876,4
4878,93
4880,8
4881,20
4885,2
4886,130
4887,10
4888,4
4889,7
4890,23
4893,1
4895,1
4896,105
4897,1
4898,4
4899,2
4901,26
4902,4
4903,10
4911,3
4912,5
4914,10
4915,4
4920,2
4921,3
4923,1
4925,2
4927,1
4928,3
4929,5
4930,1
4932,4
4933,1
4936,8
4941,7
4945,1
4947,2
4948,1
4949,2
4951,7
4952,2
4954,5
4956,2
4957,1
4958,12
4960,1
4961,1
4963,130
4964,1
4965,5
4967,9
4968,2
4969,5
4970,9
4971,3
4972,2
4973,125
4974,13
4975,37
4976,2
4977,3
4978,5
4979,69
4980,15
4981,2
4984,1
4987,1
4988,1
4989,2
4990,3
4992,10
4993,200
4994,10
4995,114
4996,1
4998,1
4999,2
5000,1
5001,1
5002,2
5003,1
5004,1
5008,8
5009,6
5010,49
5012,3
5013,29
5014,14
5015,27
5016,4
5017,3
5018,1
5021,5
5022,1
5023,1
5025,10
5026,10
5027,4
5028,2
5033,1
5034,4
5038,1
5039,1
5040,5
5041,1
5042,1
5043,1
5046,1
5047,5
5048,5
5049,16
5051,2
5053,2
5054,3
5055,8
5056,4
5057,1
5059,1
5060,59
5061,3
5062,1
5063,1
5064,23
5065,7
5066,10
5071,1
5072,3
5073,2
5074,8
5075,1
5076,1
5079,1
5080,2
5081,2
5083,1
5085,3
5087,1
5088,1
5092,3
5093,3
5094,3
5095,3
5096,1
5097,2
5098,1
5099,3
5101,1
5102,1
5103,21
5105,4
5106,6
5107,4
5108,5
5109,1
5110,11
5111,3
5114,5
5117,1
5119,1
5120,6
5121,3
5122,1
5125,1
5127,3
5128,6
5134,2
5135,16
5137,2
5139,3
5141,2
5142,1
5146,11
5147,8
5151,13
5152,16
5153,1
5159,5
5161,1
5164,1
5165,3
5167,1
5168,3
5170,3
5171,12
5172,2
5177,5
5179,2
5180,1
5182,1
5186,2
5187,3
5193,3
5198,1
5199,1
5202,2
5203,1
5205,1
5208,1
5210,1
5214,4
5218,63
5219,22
5220,5
5222,6
5223,1
5224,1
5225,26
5226,1
5227,1
5229,1
5230,1
5231,1
5232,1
5233,1
5234,1
5236,1
5237,4
5238,2
5241,2
5242,1
5243,1
5244,1
5246,2
5247,6
5248,2
5250,5
5254,22
5255,4
5256,1
5258,1
5264,2
5265,4
5266,30
5267,4
5269,7
5271,1
5275,2
5276,1
5277,1
5278,1
5279,3
5282,3
5283,11
5285,1
5288,2
5291,16
5292,8
5293,10
5294,10
5296,8
5297,3
5298,3
5299,51
5300,3
5301,1
5302,1
5303,10
5304,3
5305,1
5307,1
5308,19
5309,8
5312,8
5313,11
5315,2
5316,6
5319,5
5323,4
5324,1
5325,2
5329,3
5333,1
5334,3
5335,1
5337,3
5339,8
5341,4
5342,1
5343,1
5344,2
5346,3
5348,1
5349,134
5352,1
5353,1
5354,2
5356,1
5357,5
5359,2
5360,3
5361,1
5363,1
5364,6
5365,2
5366,1
5367,3
5372,2
5373,2
5375,2
5377,52
5378,82
5379,4
5380,5
5382,5
5383,1
5384,1
5385,6
5387,5
5388,26
5389,3
5391,6
5395,1
5398,2
5400,17
5401,9
5404,2
5410,2
5413,1
5414,4
5415,6
5416,1
5417,5
5418,100
5419,12
5420,6
5421,3
5422,1
5425,1
5427,1
5428,1
5433,2
5434,2
5438,3
5440,1
5443,1
5444,21
5445,115
5446,10
5447,3
5448,1
5449,19
5450,1
5452,6
5458,2
5459,49
5460,4
5462,3
5463,16
5464,38
5466,1
5470,5
5471,1
5473,1
5475,3
5477,4
5478,5
5479,7
5480,5
5481,45
5483,5
5489,6
5490,2
5498,2
5500,12
5501,1
5502,54
5503,1
5504,8
5505,12
5506,4
5507,23
5508,5
5515,2
5516,1
5517,1
5518,1
5521,1
5522,4
5523,5
5524,6
5525,3
5527,3
5528,19
5530,6
5531,1
5534,1
5535,1
5538,1
5539,1
5540,10
5541,11
5544,3
5548,2
5553,2
5556,1
5558,1
5560,1
5561,1
5562,1
5564,2
5568,3
5569,2
5570,2
5572,6
5573,1
5574,17
5575,1
5577,12
5581,2
5582,1
5585,1
5588,1
5597,2
5599,1
5600,1
5601,1
5602,4
5603,3
5604,1
5605,1
5607,2
5608,6
5609,3
5611,3
5612,1
5613,2
5615,1
5617,15
5618,63
5619,1
5620,22
5621,8
5622,1
5625,3
5628,5
5629,2
5630,27
5632,2
5633,2
5636,1
5637,1
5638,1
5641,1
5642,1
5643,1
5644,2
5646,2
5649,2
5650,10
5651,3
5655,2
5662,2
5663,1
5666,6
5667,2
5668,5
5669,58
5670,4
5672,2
5673,24
5675,1
5677,1
5678,1
5679,48
5680,5
5682,2
5684,1
5685,1
5686,5
5689,1
5690,14
5691,1
5693,11
5694,4
5696,1
5699,1
5700,2
5703,1
5705,4
5707,5
5710,1
5712,3
5715,1
5718,1
5723,1
5729,2
5732,2
5734,1
5735,3
5736,1
5737,1
5742,1
5745,1
5746,1
5747,7
5752,3
5754,1
5765,1
5768,1
5772,3
5773,1
5777,1
5778,1
5779,1
5780,4
5782,22
5784,5
5785,11
5787,1
5788,1
5791,13
5792,5
5795,1
5796,2
5799,2
5801,3
5803,3
5808,1
5809,6
5810,24
5812,15
5815,2
5816,81
5818,1
5819,1
5820,3
5825,1
5826,1
5828,1
5829,2
5830,1
5832,2
5833,4
5834,1
5836,1
5839,1
5840,2
5841,3
5843,1
5846,1
5847,3
5850,1
5853,3
5854,1
5857,1
5859,2
5864,1
5866,1
5867,3
5868,1
5869,1
5872,31
5873,1
5874,2
5875,2
5876,10
5878,16
5879,3
5880,2
5881,8
5882,7
5883,1
5888,1
5891,1
5893,3
5899,2
5900,9
5901,1
5902,42
5903,35
5909,3
5910,1
5913,1
5914,2
5915,2
5917,1
5918,1
5923,2
5926,1
5927,4
5932,3
5933,1
5936,1
5938,4
5940,5
5941,4
5942,5
5943,15
5944,10
5945,34
5947,2
5949,3
5952,188
5954,27
5955,8
5956,35
5957,15
5958,1
5959,8
5960,1
5961,2
5962,2
5963,2
5965,1
5966,1
5968,2
5969,1
5970,5
5971,26
5980,1
5981,1
5985,1
5986,2
5989,99
5991,51
5992,15
5993,1
5994,1
5995,61
6000,1
6001,10
6003,32
6005,2
6006,2
6008,2
6012,1
6013,4
6014,1
6016,69
6021,2
6022,1
6025,2
6027,3
6031,2
6032,2
6033,1
6035,1
6037,1
6039,2
6040,3
6042,1
6047,1
6051,2
6056,1
6057,3
6058,9
6059,14
6060,4
6062,5
6063,2
6064,1
6073,1
6077,1
6078,2
6084,1
6091,1
6092,1
6093,4
6095,2
6096,1
6100,1
6101,6
6103,1
6104,10
6105,1
6107,1
6109,1
6114,1
6115,3
6116,1
6121,1
6122,3
6123,2
6124,1
6125,3
6126,2
6127,2
6132,1
6133,1
6140,2
6143,1
6148,1
6154,1
6155,15
6156,15
6157,28
6159,1
6162,2
6163,1
6166,1
6170,5
6178,3
6180,2
6182,1
6183,3
6184,5
6185,1
6186,1
6187,6
6188,32
6195,1
6197,4
6198,1
6201,2
6203,2
6204,1
6207,1
6211,2
6212,7
6213,7
6214,6
6215,3
6216,5
6218,41
6219,2
6223,3
6225,1
6227,1
6228,2
6230,2
6231,2
6232,3
6233,2
6234,1
6235,6
6237,3
6238,6
6239,2
6240,2
6242,13
6243,1
6244,2
6245,2
6247,2
6249,4
6250,3
6252,4
6254,5
6256,1
6257,1
6260,2
6261,1
6263,5
6264,3
6265,1
6266,2
6268,2
6269,7
6271,3
6273,3
6276,1
6279,1
6281,28
6283,16
6284,1
6286,4
6287,23
6290,4
6291,5
6294,4
6295,1
6296,21
6297,8
6298,1
6299,6
6300,1
6301,3
6302,1
6303,9
6305,2
6306,1
6308,4
6314,2
6315,2
6316,5
6318,2
6322,3
6323,23
6327,3
6329,1
6331,16
6332,1
6333,81
6335,1
6337,3
6338,2
6339,2
6341,2
6342,1
6344,1
6345,5
6348,1
6349,1
6350,22
6355,2
6356,1
6357,3
6358,3
6365,82
6367,9
6368,1
6369,1
6370,6
6373,50
6375,2
6377,122
6378,55
6379,4
6380,11
6383,12
6384,1
6385,22
6386,1
6387,1
6390,2
6395,3
6400,2
6404,1
6405,2
6408,1
6410,2
6412,2
6413,5
6414,1
6415,1
6416,1
6419,2
6422,3
6423,2
6424,2
6425,1
6426,1
6427,1
6428,5
6429,1
6431,1
6432,1
6433,3
6436,6
6440,23
6442,1
6446,1
6447,1
6448,3
6449,1
6450,3
6452,5
6454,2
6458,1
6460,2
6461,5
6464,2
6465,1
6466,4
6467,1
6468,1
6470,1
6473,2
6474,1
6476,2
6477,3
6480,4
6482,4
6484,1
6493,2
6498,1
6502,52
6503,24
6506,1
6509,1
6513,1
6514,1
6516,3
6518,1
6521,1
6522,1
6525,3
6527,1
6528,1
6530,4
6531,1
6533,5
6534,16
6535,6
6536,1
6537,38
6538,5
6539,141
6541,20
6547,1
6548,11
6550,5
6552,10
6559,1
6561,4
6562,1
6564,12
6565,25
6566,3
6568,2
6571,1
6579,1
6582,3
6584,3
6585,1
6586,10
6587,2
6591,6
6592,3
6593,14
6595,10
6596,4
6598,2
6599,1
6600,1
6602,2
6603,1
6609,2
6611,1
6612,5
6613,2
6615,6
6617,3
6618,8
6620,17
6624,1
6628,1
6629,1
6630,1
6636,2
6638,4
6639,2
6641,3
6643,6
6644,1
6645,4
6646,3
6650,5
6658,5
6659,13
6662,15
6663,8
6664,5
6665,1
6666,9
6669,6
6671,1
6676,1
6678,3
6679,1
6684,1
6686,3
6690,1
6695,1
6703,1
6706,1
6707,4
6708,22
6709,10
6710,3
6711,85
6713,3
6718,2
6721,4
6722,2
6723,1
6724,6
6725,1
6728,1
6730,1
6731,6
6732,4
6735,2
6739,1
6743,5
6744,2
6748,1
6751,1
6753,10
6754,21
6755,9
6757,1
6760,2
6762,1
6763,6
6764,4
6765,3
6768,2
6769,1
6770,2
6771,1
6772,2
6773,13
6774,7
6776,4
6777,9
6779,2
6780,2
6782,1
6783,5
6785,5
6786,4
6787,20
6788,2
6790,4
6791,5
6793,4
6794,3
6796,27
6797,2
6798,1
6800,1
6803,1
6806,1
6807,37
6808,4
6810,3
6811,4
6812,1
6813,2
6814,1
6816,2
6818,2
6820,4
6822,1
6826,1
6827,2
6828,1
6829,1
6832,4
6835,1
6840,1
6850,3
6851,1
6852,4
6856,2
6857,11
6858,4
6862,2
6863,51
6864,2
6867,13
6868,3
6869,4
6870,46
6872,1
6873,14
6874,111
6875,1
6877,1
6879,10
6880,3
6881,10
6883,1
6884,1
6885,2
6887,3
6888,12
6889,5
6890,10
6892,1
6893,7
6896,1
6898,2
6902,3
6906,1
6909,4
6918,2
6920,1
6927,2
6930,1
6932,10
6934,54
6935,3
6936,27
6940,1
6942,55
6944,11
6945,3
6947,34
6950,1
6951,3
6952,3
6953,30
6954,6
6957,19
6958,1
6959,2
6961,2
6963,1
6964,1
6966,2
6970,4
6971,2
6974,5
6975,10
6977,2
6978,5
6979,33
6981,1
6982,3
6983,1
6985,5
6986,5
6987,13
6989,3
6990,3
6991,1
6992,1
6993,15
6995,1
6996,5
6997,1
6999,1
7000,5
7001,7
7002,1
7003,2
7004,13
7005,3
7007,6
7008,5
7009,2
7010,2
7011,1
7012,1
7013,10
7016,1
7017,2
7018,4
7020,1
7022,26
7023,1
7024,2
7025,2
7026,1
7027,5
7028,3
7029,1
7034,5
7036,8
7038,3
7040,2
7042,4
7043,2
7044,6
7045,7
7046,7
7048,1
7050,1
7051,1
7055,1
7056,4
7058,1
7059,1
7060,8
7061,3
7062,4
7063,9
7064,7
7065,2
7067,1
7068,4
7069,2
7070,2
7071,2
7072,4
7073,5
7074,1
7075,5
7076,3
7078,4
7079,2
7080,2
7081,1
7082,1
7083,1
7084,8
7085,1
7086,1
7087,2
7088,2
7089,6
7090,33
7091,9
7093,1
7095,1
7096,2
7099,20
7101,3
7102,4
7104,4
7107,3
7108,1
7110,1
7111,1
7115,2
7116,5
7117,2
7121,6
7122,2
7123,6
7125,1
7126,1
7130,1
7131,1
7132,11
7135,4
7136,4
7137,7
7139,17
7142,2
7143,45
7147,55
7149,12
7150,5
7151,4
7152,1
7153,176
7154,8
7155,4
7156,15
7158,10
7160,16
7161,7
7162,16
7163,10
7164,6
7165,2
7171,3
7172,1
7173,13
7177,2
7178,1
7179,1
7180,1
7182,1
7186,1
7189,1
7190,1
7192,1
7193,1
7195,1
7196,1
7198,1
7199,1
7204,1
7206,1
7207,1
7208,1
7209,3
7210,3
7211,1
7212,4
7215,6
7216,3
7217,2
7219,1
7222,1
7223,3
7228,1
7234,5
7235,7
7236,2
7238,1
7245,1
7247,5
7248,1
7250,1
7254,48
7255,7
7256,10
7257,2
7258,1
7260,1
7263,11
7265,9
7266,2
7272,1
7282,1
7283,2
7285,8
7293,29
7294,3
7299,1
7300,2
7302,1
7303,5
7305,1
7307,1
7308,2
7309,1
7311,1
7312,1
7315,1
7316,3
7317,16
7318,12
7319,1
7320,4
7323,21
7324,7
7325,17
7327,9
7334,3
7340,1
7343,1
7346,13
7347,6
7348,7
7349,1
7352,1
7354,1
7355,1
7357,2
7358,1
7360,25
7361,106
7362,4
7366,6
7367,7
7369,2
7371,8
7372,1
7373,28
7374,1
7375,3
7376,3
7379,1
7380,6
7381,3
7382,3
7386,13
7387,10
7394,2
7395,1
7396,5
7407,1
7411,2
7415,1
7419,8
7437,1
7438,103
7439,7
7444,17
7445,23
7448,1
7449,2
7450,1
7451,28
7453,1
7454,16
7456,1
7458,32
7459,2
7460,7
7478,3
7481,4
7482,9
7484,3
7487,3
7492,1
7493,5
7505,3
7541,2
7560,4
7564,1
7566,4
7569,11
7570,5
7571,1
7572,3
7573,7
7574,1
7577,2
7579,3
7583,1
7584,4
7585,1
7586,1
7587,12
7613,1
7614,6
7615,2
7616,2
7619,3
7620,1
7624,2
7625,1
7627,1
7636,1
7649,7
7650,1
7697,1
7698,4
7700,2
7701,3
7702,1
7705,1
7706,6
7708,1
7713,3
7714,2
7720,2
7728,4
7738,2
7743,2
7748,2
7753,1
7757,4
7759,1
7762,1
7764,1
7766,7
7767,4
7771,4
7773,1
7774,1
7782,2
7786,1
7787,1
7789,1
7790,1
7791,3
7792,3
7802,5
7809,2
7810,3
7811,2
7812,2
7815,1
7817,2
7818,1
7820,1
7822,2
7826,2
7827,3
7831,3
7832,1
7833,3
7834,3
7835,2
7836,6
7840,3
7841,3
7842,5
7843,1
7844,4
7845,1
7846,1
7872,1
7878,1
7881,1
7882,1
7883,1
7888,1
7889,1
7892,1
7894,2
7895,1
7897,1
7899,3
7914,1
7915,1
7916,2
7919,1
7920,2
7921,1
7922,1
7924,1
7925,6
7926,2
7932,1
7934,6
7935,1
7936,1
7938,2
7939,1
7941,4
7942,1
7943,4
7944,3
7946,1
7947,1
7948,1
7951,1
7958,1
7959,1
7976,3
7979,5
7980,7
7981,3
7982,3
7983,4
7984,1
7987,1
7990,1
7991,3
7995,1
8003,1
8008,3
8009,1
8010,2
8011,5
8012,4
8014,6
8015,1
8016,2
8019,2
8033,2
8039,2
8042,7
8044,2
8056,1
8057,1
8070,1
8093,2
8094,2
8117,2
8121,1
8123,1
8125,3
8126,1
8128,4
8129,2
8130,2
8131,3
8132,11
8133,1
8136,1
8137,2
8138,2
8142,1
8143,1
8147,2
8154,8
8157,8
8158,3
8167,2
8169,7
8183,4
8187,1
8188,3
8189,1
8190,2
8191,4
8194,2
8195,3
8196,2
8197,3
8199,2
8207,5
8208,1
8225,4
8228,15
8235,1
8239,4
8240,1
8253,3
8254,1
8256,1
8257,1
8261,1
8263,2
8264,3
8266,1
8267,1
8268,2
8273,1
8275,3
8290,1
8327,2
8331,1
8332,1
8336,1
8337,9
8338,3
8340,3
8341,2
8360,81
8361,25
8362,1
8363,4
8364,2
8366,15
8367,2
8368,84
8369,5
8370,7
8371,20
8372,4
8373,10
8376,45
8385,2
8387,6
8388,1
8392,1
8403,1
8404,1
8410,1
8420,1
8422,1
8423,1
8447,1
8451,3
8453,1
8459,1
8460,2
8462,1
8463,1
8464,45
8465,1
8477,4
8482,2
8484,1
8485,1
8487,2
8491,3
8492,3
8493,14
8499,4
8502,3
8504,1
8507,9
8511,2
8522,2
8524,1
8525,2
8526,3
8527,1
8528,37
8529,37
8530,4
8531,5
8533,33
8534,1
8535,3
8537,1
8542,7
8544,1
8571,2
8572,1
8574,2
8575,1
8576,2
8577,1
8580,3
8581,5
8582,5
8583,1
8584,2
8589,2
8591,1
8596,3
8600,4
8604,1
8607,3
8609,1
8610,6
8611,2
8612,2
8614,4
8616,1
8617,2
8618,3
8620,4
8622,46
8623,13
8625,1
8629,1
8633,8
8636,84
8638,17
8640,8
8641,34
8642,1
8643,4
8644,57
8645,17
8650,2
8654,1
8656,3
8657,1
8661,4
8665,74
8666,7
8667,2
8670,1
8672,1
8675,1
8684,1
8689,1
8690,1
8695,1
8699,1
8700,1
8709,1
8711,2
8712,2
8713,1
8718,1
8720,1
8722,1
8724,2
8725,1
8727,1
8730,1
8743,1
8745,1
8751,2
8752,1
8753,1
8754,4
8761,1
8763,1
8765,1
8768,1
8772,2
8777,1
8779,1
8781,13
8783,29
8784,58
8785,1
8790,1
8795,2
8796,4
8797,1
8798,40
8799,1
8800,2
8807,22
8808,8
8810,18
8811,1
8813,2
8814,1
8819,1
8820,1
8821,1
8823,1
8827,7
8828,1
8830,2
8831,1
8832,1
8833,4
8835,1
8836,3
8838,5
8839,1
8840,1
8848,1
8850,1
8851,1
8853,1
8854,1
8857,1
8859,2
8860,11
8861,14
8864,1
8865,11
8866,4
8870,5
8871,1
8872,1
8873,26
8874,70
8879,5
8880,4
8882,2
8884,1
8892,1
8893,1
8899,1
8903,1
8906,4
8907,11
8908,4
8910,18
8911,2
8914,12
8915,1
8916,7
8917,20
8918,2
8920,1
8921,1
8923,2
8927,2
8928,4
8929,1
8930,2
8931,1
8933,3
8935,2
8937,4
8938,3
8943,1
8946,1
8947,13
8948,4
8949,45
8950,19
8951,2
8954,1
8955,1
8957,33
8958,21
8961,126
8963,1
8964,1
8965,7
8966,14
8968,3
8969,8
8970,37
8972,35
8973,8
8974,2
8977,2
8979,2
8981,19
8982,1
8983,17
8984,34
8985,12
8986,1
8987,2
8988,1
8989,2
8998,4
8999,1
9000,1
9001,1
9004,1
9005,1
9010,2
9012,1
9018,3
25737,1
25744,1
25750,5
25752,1
25753,2
25755,1
25763,1
25764,1
25769,4
25771,10
25773,1
25774,1
25777,3
25788,4
25792,1
25795,1
25801,1
25805,3
25807,1
25825,2
25826,1
25827,3
25828,1
25839,1
25841,1
25842,1
25850,4
25852,1
25856,1
25865,1
25868,3
25874,2
25882,1
25886,1
25891,2
25898,1
25900,1
25901,1
25904,1
25906,1
25911,1
25916,1
25920,1
25929,1
25930,1
25937,3
25940,1
25941,1
25945,1
25947,2
25952,2
25962,1
25965,1
25971,2
25972,1
25993,1
25995,1
25996,1
25999,1
26003,2
26005,1
26007,1
26009,1
26010,1
26012,1
26013,1
26025,2
26052,2
26079,1
26082,2
26084,6
26085,1
26086,1
26093,1
26094,1
26111,3
26116,2
26117,1
26122,1
26125,1
26131,6
26133,4
26147,1
26150,1
26151,1
26152,4
26157,1
26160,1
26163,1
26164,1
26171,2
26172,2
26176,1
26178,3
26180,1
26188,1
26198,2
26199,1
26208,1
26228,1
26229,1
26231,3
26241,2
26242,4
26251,1
26258,5
26265,1
26268,1
26271,1
26294,2
26302,1
26303,2
26313,2
26317,1
26318,2
26320,1
26322,1
26323,1
26324,1
26325,1
26326,5
26338,1
26342,1
26346,1
26349,1
26350,1
26366,2
26371,1
26375,2
26386,2
26391,2
26393,1
26394,1
26400,1
26403,2
26404,1
26409,1
26413,1
26414,1
26422,1
26425,3
26430,1
26435,1
26462,1
26464,1
26467,1
26471,1
26472,3
26480,1
26485,1
26487,1
26492,1
26494,3
26501,1
26505,1
26509,1
26513,1
26524,4
26528,4
26547,2
26554,2
26555,3
26562,2
26564,2
26574,1
26578,1
26581,1
26585,2
26599,1
26603,2
26606,2
26614,13
26622,1
26631,1
26655,1
26662,18
26663,1
26680,4
26684,2
26686,1
26689,1
26694,1
26695,1
26700,3
26701,1
26702,1
26704,1
26712,4
26726,1
26729,8
26731,1
26732,1
26736,1
26737,1
26749,1
26750,1
26775,1
26776,12
26782,1
26784,1
26788,1
26791,1
26797,1
26809,1
26810,2
26812,1
26819,1
26835,1
26838,1
26840,3
26842,2
26843,1
26850,1
26854,1
26865,2
26870,2
26886,1
26903,2
26915,1
26947,1
26974,3
26999,1
27002,3
27005,1
27020,4
27022,3
27032,3
27075,2
27109,2
27156,2
27178,2
27186,1
27193,1
27251,2
27253,1
27255,1
27266,4
27317,6
27322,1
27329,3
27334,1
27338,1
27351,1
27369,2
27373,2
27376,1
27397,1
27410,1
27416,1
27423,2
27441,1
27478,6
27482,1
27523,2
27544,1
27555,1
27592,1
27604,5
27646,1
27648,1
27660,17
27664,1
27674,2
27685,1
27689,1
27700,2
27704,1
27706,15
27713,1
27721,11
27722,1
27727,1
27728,3
27731,3
27741,2
27751,1
27768,1
27772,4
27773,32
27778,1
27783,1
27784,1
27788,7
27790,5
27792,1
27793,2
27798,1
27800,2
27801,8
27802,1
27803,6
27808,9
27812,1
27815,6
27816,1
27821,14
27822,5
27826,1
27831,18
27834,1
27837,1
27838,4
27839,3
27846,8
27850,5
27851,1
27857,1
27867,1
27869,1
27871,1
27873,2
27875,1
27876,1
27878,7
27879,3
27882,1
27899,2
27904,14
27912,1
27922,1
30707,65
30712,2
30723,1
30745,3
30749,32
30783,1
30793,47
30803,3
30810,29
30812,34
30816,8
30818,1
30820,7
30822,9
30825,25
30846,1
30848,1
30850,2
30867,1
30883,1
30892,1
30894,2
30898,3
31000,1
31026,2
31035,2
31101,1
31104,1
31109,1
31114,1
31116,2
31150,2
31156,1
31162,2
31184,1
31221,10
31225,2
31270,2
31284,1
31290,1
31364,2
31374,2
31408,2
31410,20
31413,1
31420,4
31422,2
31427,1
31431,1
31433,3
31435,2
31437,3
31445,1
31502,1
31522,2
31524,1
31547,1
31549,1
31658,27
31660,2
31682,1
31685,24
31689,1
31694,3
31696,25
31700,1
31724,1
31737,2
31747,1
31770,1
31804,1
31878,19
31903,1
31921,1
31923,2
31930,1
31952,3
31956,1
31963,1
31973,1
32017,2
32019,3
32022,1
32025,1
32029,9
32031,13
32078,1
32139,1
32153,1
32160,1
32170,1
32174,1
32203,1
32211,1
32234,2
32280,2
32289,1
32291,1
32296,6
32298,1
32302,1
32349,1
32369,2
32371,2
32381,1
32387,1
32395,1
32444,2
32456,1
32460,1
32464,1
32469,1
32515,1
32525,2
32554,2
32562,1
32582,2
32587,80
32591,1
32596,5
32598,8
32632,1
32666,1
32686,1
32728,2
32735,1
32743,1
32797,1
32825,2
32840,2
32844,1
32853,3
32882,2
32892,1
32898,6
32914,1
32943,1
33004,34
33021,1
33085,2
33124,1
33138,2
33145,2
33154,7
33158,1
33162,10
33164,3
33166,48
33171,7
33296,1
33312,1
33358,1
33380,1
33437,4
33493,62
33495,2
33499,2
33558,1
33587,2
33592,1
33615,28
33621,1
33639,6
33646,3
33660,19
33669,4
33672,1
33679,49
33681,3
33683,2
33688,1
33750,1
33760,1
33794,105
33817,2
33826,1
33830,2
33834,5
33836,7
33838,1
33880,5
33896,1
33903,4
33912,1
33917,1
34002,1
34018,2
34048,40
34072,9
34129,1
34143,3
34150,15
34153,5
34162,42
34164,2
34198,1
34271,2
34319,22
34321,3
34323,3
34326,2
34332,12
34334,4
34336,1
34338,6
34359,1
34364,1
34405,40
34435,1
34437,15
34520,2
34523,2
34528,2
34530,2
34532,5
34534,4
34536,1
34542,10
34552,2
34583,1
34608,1
35836,51
35957,7
36152,1
36276,6
36289,1
36397,1
36401,11
36509,1
36517,18
36519,14
36525,8
36527,6
36529,31
36533,1
36535,7
36553,1
36708,8
36931,1
37211,2
37240,4
37277,1
37380,5
37382,2
37384,5
37386,13
37475,2
37477,1
37720,2
37727,11
37729,21
37731,10
37733,20
37736,1
37739,1
37741,19
37785,1
37830,8
37853,2
37855,1
37857,3
38038,28
38061,29
38304,3
38384,1
38499,5
38798,4
38886,10
38992,2
38994,1
39052,1
39183,29
39231,2
39234,1
39292,27
39307,2
39381,3
39398,1
39408,1
39414,3
39416,1
39419,1
39427,1
39435,4
39444,3
39446,18
39659,1
39715,5
39768,1
39779,1
39869,2
39941,1
40148,2
40226,1
40278,13
40339,6
40412,2
40414,3
40491,1
40574,1
40581,2
40583,16
40597,1
40614,4
40629,20
40723,2
40732,7
40815,59
40817,1
40819,42
40826,5
40833,1
40851,4
40870,1
40946,1
40959,2
41226,3
41285,16
41336,1
41527,3
41566,49
41569,23
41571,11
41573,1
41714,1
41716,4
41769,1
41863,2
41912,1
41997,24
42002,3
42004,5
42007,3
42009,1
42011,12
42013,2
42015,3
42163,2
42191,1
42197,3
42351,1
42418,4
42632,3
42677,1
42681,1
42718,4
42721,1
42723,8
42725,3
42728,1
42730,1
42732,2
42734,3
42738,15
42740,1
42783,1
42900,1
42935,1
42946,1
42958,1
43177,1
43267,1
43333,1
43351,1
43376,3
43391,1
43396,8
43419,1
43556,1
43558,1
43560,2
43635,1
43679,2
43708,1
43744,2
43832,1
43836,4
43838,1
43869,1
43871,3
43899,1
43904,1
43908,1
43910,1
43917,2
43919,5
43921,2
43928,7
43930,2
43932,1
43936,9
44004,6
44022,20
44073,1
44191,73
44193,3
44195,40
44197,1
44199,28
44204,5
44225,2
44245,1
44301,1
44317,1
44397,5
44421,1
44511,1
44555,37
44587,2
44597,1
44613,1
44633,4
44665,25
44671,1
44694,10
44709,3
44717,1
44731,1
44759,1
44761,14
44788,5
44828,2
44840,1
44849,1
44864,1
44911,1
44972,4
44974,6
45000,1
45028,4
45062,4
45081,4
45172,1
45179,1
45183,2
45186,21
45208,3
45210,2
45221,2
45382,1
45431,15
45440,2
45442,1
45447,35
45499,22
45501,5
45506,1
45517,25
45521,1
45662,1
45666,7
45668,4
45672,10
45679,1
45720,21
45722,59
45726,2
45728,18
45730,2
45732,6
45837,2
45880,4
45928,2
45942,1
45950,19
45969,1
45987,1
46062,4
46322,6
46335,7
46337,2
46347,1
46530,13
46544,1
46559,1
46561,1
46574,1
46578,76
46664,1
46723,16
46772,1
46850,3
46855,1
46865,2
46919,1
46948,4
46965,10
46967,4
46970,17
46972,18
46974,3
46976,40
47044,5
47092,1
47099,24
47122,1
47124,4
47148,1
47152,2
47196,1
47200,7
47202,2
47254,2
47261,1
47274,2
47287,1
47330,1
47382,4
47384,1
47404,1
47423,6
47465,1
47491,2
47493,1
47518,11
47606,1
47610,33
47629,5
47640,8
47714,1
47721,5
47728,1
47810,2
47815,1
47894,1
47937,1
47950,3
47952,1
47978,1
47997,11
47999,6
48032,1
48043,12
48061,1
48082,9
48142,1
48159,1
48165,2
48198,1
48231,1
48262,2
48268,1
48301,1
48304,8
48319,2
48322,6
48385,44
48394,52
48414,1
48501,1
48516,84
48518,2
48520,1
48522,1
48560,2
48591,1
48593,1
48596,1
48660,1
48682,2
48696,9
48698,3
48738,15
48741,3
48744,4
48774,43
48780,52
48783,4
48791,1
48817,1
48856,1
48872,3
48877,7
48972,1
48982,7
48997,9
49013,1
49132,3
49220,2
49225,1
49265,1
49272,61
49274,3
49278,13
49280,1
49284,1
49286,13
49299,1
49314,1
49394,2
49396,4
49526,2
49528,2
49530,37
49647,2
49649,9
49651,5
49688,1
49772,4
49817,1
49822,6
49824,4
49902,1
49910,1
49932,3
49957,3
49961,2
50005,2
50011,1
50064,1
50068,11
50147,1
50160,1
50162,1
50189,3
50245,1
50259,1
50442,1
50445,1
50514,1
50583,1
50601,4
50641,2
50651,1
50658,4
50685,3
50703,1
50740,3
50742,3
50792,1
50794,4
50798,2
50802,2
50804,2
50806,2
50842,1
50851,4
50872,59
50912,4
50923,2
50954,2
51044,1
51077,7
51080,5
51084,8
51086,5
51088,1
51091,1
51094,1
51127,1
51174,1
51207,1
51255,42
51277,2
51304,1
51357,1
51372,2
51380,1
51412,5
51418,1
51471,1
51540,20
51575,2
51662,59
51698,1
51705,3
51709,2
51773,1
51834,2
51884,4
51925,2
51927,1
51931,1
51935,7
51937,1
51939,1
52241,2
52245,14
52287,8
52319,2
52328,11
52378,1
52435,13
52456,1
52458,10
52460,1
52462,2
52528,1
52545,1
52579,1
52604,6
52606,3
52617,1
52644,3
52666,4
52668,1
52694,2
52712,1
52717,1
52722,23
52730,1
52767,5
52831,1
52885,11
52913,1
52950,1
52952,9
52967,4
52973,24
52975,9
53000,14
53024,2
53038,1
53121,13
53123,11
53125,33
53129,5
53133,1
53138,1
53189,1
53207,2
53318,5
53322,25
53326,1
53435,3
53447,2
53460,2
53464,8
53466,1
53468,3
53519,13
53550,6
53737,1
53883,2
53887,1
53894,12
53953,7
53956,7
53972,25
53974,2
53993,5
53996,31
53999,1
54001,38
54004,7
54190,5
54220,1
54251,1
54256,2
54259,23
54270,1
54272,37
54276,3
54281,4
54286,61
54290,2
54328,1
54331,2
54372,3
54419,1
54426,1
54503,44
54513,1
54648,3
54732,3
54734,1
54736,4
54745,1
54768,1
54771,2
54775,1
54780,1
54785,1
54787,1
54881,9
54910,1
54995,14
54997,20
54999,4
55031,1
55052,9
55063,2
55069,4
55071,1
55078,1
55094,4
55100,1
55110,2
55116,1
55118,19
55156,1
55167,4
55232,8
55245,2
55247,31
55250,2
55253,2
55259,1
55261,2
55267,6
55269,21
55272,2
55274,3
55276,12
55280,15
55282,7
55290,14
55294,1
55363,3
55417,1
55442,9
55444,4
55451,5
55498,1
55555,1
55566,1
55577,6
55652,1
55684,1
55687,1
55721,8
55732,1
55757,1
55765,22
55768,7
55805,5
55814,5
55820,49
55830,8
55851,1
55872,2
55895,1
55908,6
55995,8
55999,2
56003,4
56030,1
56069,1
56079,1
56095,1
56145,8
56152,15
56156,3
56169,2
56171,5
56174,42
56176,3
56251,9
56274,1
56286,4
56333,2
56336,1
56339,4
56367,72
56563,2
56587,12
56607,2
56633,1
56715,5
56757,19
56775,7
56782,26
56788,7
56801,4
56805,2
56869,1
56885,2
56908,1
56915,1
56921,3
56941,4
56949,16
57038,1
57223,1
57243,3
57274,3
57326,2
57353,2
57368,19
57401,2
57418,1
57430,1
57453,2
57504,6
57526,1
57528,6
57532,3
57640,18
57669,38
57792,1
57845,1
57910,1
57951,1
57972,1
57980,1
58025,11
58029,1
58047,6
58103,6
58105,2
58107,1
58146,1
58154,4
58156,6
58191,2
58293,8
58295,11
58297,1
58299,8
58301,2
58303,5
58306,3
58315,2
58347,6
58351,3
58365,1
58376,1
58425,1
58432,1
58520,1
58554,1
58559,121
58627,2
58649,1
58655,1
58706,1
58803,18
58839,2
58879,3
58889,1
58904,1
58964,1
58972,2
58975,1
58998,22
59014,4
59016,2
59018,5
59022,6
59037,2
59103,3
59118,3
59126,5
59141,2
59143,1
59180,1
59258,1
59273,1
59306,2
59315,75
59333,4
59339,1
59369,31
59387,11
59392,1
59418,2
59421,6
59429,2
59447,1
59501,10
59519,1
59549,1
59590,1
59594,3
59615,24
59669,1
59684,1
59721,1
59725,5
59727,2
59731,2
59784,33
59805,1
59810,2
59814,1
59832,1
59834,1
59846,1
59900,12
59935,1
59945,1
59985,1
59995,3
60037,6
60040,17
60069,76
60072,18
60074,19
60086,1
60126,13
60128,1
60135,1
60137,1
60161,5
60291,1
60293,4
60295,1
60333,4
60343,1
60382,3
60384,1
60397,6
60471,1
60487,5
60514,2
60516,1
60609,1
60649,1
60674,1
60684,26
60753,3
60756,14
60760,2
60763,3
60766,3
60832,1
60857,1
60937,3
60943,3
60950,12
60990,1
61013,1
61024,22
61026,1
61071,3
61075,1
61123,3
61132,19
61160,3
61167,1
61206,1
61210,1
61236,4
61240,9
61248,4
61250,1
61289,1
61323,30
61348,3
61350,2
61352,3
61357,2
61361,1
61394,2
61401,1
61465,1
61634,1
61646,1
61705,1
61729,4
62049,1
62081,4
62113,2
62115,1
62155,7
62203,2
62250,3
62331,1
62344,4
62374,5
62376,2
62378,1
62383,1
62394,6
62434,13
62437,3
62511,3
62644,2
62718,1
62733,3
62764,1
62792,1
62801,1
62849,10
62912,3
62956,6
62999,8
63062,6
63072,4
63082,52
63113,17
63131,14
63179,1
63239,2
63276,2
63393,2
63436,3
63479,1
63481,1
63515,2
63540,2
63629,1
63808,3
63826,1
63836,1
63853,4
63859,11
63876,11
63992,13
64030,2
64032,1
64034,8
64114,1
64116,1
64153,1
64197,3
64229,1
64249,2
64278,1
64285,4
64321,1
64338,1
64497,6
64499,2
64501,2
64508,1
64575,5
64614,36
64620,10
64622,4
64660,1
64695,1
64701,3
64716,11
64839,17
64900,1
64957,30
64969,13
64983,7
64990,1
64993,2
64997,1
65037,1
65088,1
65126,2
65130,6
65133,2
65135,2
65188,5
65193,1
65216,1
65230,5
65259,1
65261,14
65310,1
65418,1
65465,2
65514,12
65552,1
65567,1
65577,1
65585,5
65601,1
65638,1
65642,4
65665,1
65682,7
65685,1
65802,2
65982,3
66019,2
66066,1
66090,2
66097,12
66130,2
66171,4
66198,3
66200,1
66203,8
66246,2
66297,6
66310,1
66317,2
66335,2
66371,5
66427,1
66509,5
66544,1
66596,1
66659,1
66665,5
66686,1
66744,1
66785,1
66798,1
66808,1
66915,1
66934,16
67087,9
67193,3
67197,7
67252,3
67255,14
67267,4
67295,1
67361,1
67408,5
67429,1
67504,1
67508,2
67665,4
67695,2
67734,14
67788,4
67799,1
67867,1
67923,5
67957,2
67997,10
68073,10
68099,1
68135,11
68137,2
68157,59
68159,7
68194,2
68205,4
68237,28
68269,3
68319,17
68324,1
68347,2
68358,51
68444,1
68486,1
68536,1
68554,15
68614,1
68659,4
68791,13
68793,5
68835,1
68838,4
68848,6
68872,1
68884,1
68901,2
68932,1
68945,1
68952,3
68954,61
68959,1
68965,1
68967,1
69069,3
69118,1
69122,44
69134,5
69241,1
69253,1
69275,2
69278,2
69280,1
69306,9
69406,6
69436,2
69458,2
69481,26
69495,1
69516,2
69524,4
69526,12
69529,1
69559,1
69604,2
69606,5
69640,7
69644,6
69654,1
69685,1
69712,4
69720,1
69746,1
69757,45
69761,1
69784,4
69805,2
69821,1
69844,29
69908,1
69945,1
69951,7
69974,1
70121,1
70159,1
70183,4
70188,1
70201,1
70282,1
70286,53
70293,7
70305,1
70336,6
70344,1
70418,1
70465,1
70488,1
70533,5
70545,2
70565,3
70567,2
70597,1
70599,3
70663,1
70678,1
70697,2
70728,2
70751,1
70762,1
70846,2
70862,3
70898,1
70927,1
70946,1
70984,1
70994,1
71033,7
71057,6
71102,1
71106,4
71108,3
71131,1
71135,7
71156,8
71180,1
71205,2
71211,9
71248,4
71252,3
71254,4
71264,9
71282,3
71304,2
71318,1
71379,7
71390,1
71404,1
71429,3
71433,1
71438,1
71460,1
71462,5
71464,13
71466,4
71468,2
71490,1
71494,1
71518,3
71520,7
71525,1
71530,7
71533,1
71535,37
71573,1
71579,6
71640,1
71650,1
71668,1
71700,1
71732,3
71745,6
71755,1
71804,1
71810,1
71823,1
71838,6
71876,1
71899,10
72011,26
72043,2
72104,1
72109,1
72129,2
72131,1
72165,2
72169,2
72171,6
72176,1
72209,4
72224,2
72226,23
72294,1
72308,1
72356,2
72367,1
72378,17
72380,1
72386,2
72393,2
72395,6
72405,3
72407,2
72479,1
72489,5
72603,1
72605,1
72612,1
72626,1
72630,1
72641,19
72647,1
72683,1
72694,1
72696,1
72701,2
72720,3
72731,4
72733,2
72737,5
72741,1
72762,1
72880,1
72919,1
72947,1
72998,67
73015,4
73017,40
73023,7
73042,2
73101,1
73106,3
73168,1
73211,2
73266,5
73268,9
73276,1
73290,5
73319,2
73321,17
73323,2
73344,6
73386,1
73392,1
73469,1
73488,1
73531,1
73572,1
73587,2
73664,1
73741,1
73808,1
73854,1
73860,1
73881,4
73929,4
74089,1
74115,1
74152,2
74154,3
74156,1
74228,5
74275,4
74282,2
74324,3
74327,1
74370,1
74416,2
74438,1
74450,2
74452,3
74458,51
74486,3
74508,1
74510,3
74530,3
74532,6
74545,8
74580,2
74624,1
74630,1
74649,1
74668,1
74677,2
74685,3
74688,2
74698,1
74727,2
74740,2
74754,1
74787,1
74789,20
74795,7
74851,4
74868,1
74916,4
74944,2
74946,4
74948,3
75341,2
75349,1
75440,1
75803,1
75805,4
75813,3
75816,1
75823,1
75983,1
75985,3
75990,1
76030,2
76054,1
76060,1
76077,10
76091,1
76093,33
76111,3
76173,2
76175,3
76210,2
76251,30
76272,1
76293,6
76303,1
76738,1
76763,1
77191,1
77201,1
77206,1
77291,1
77307,3
77364,4
77414,1
77421,2
77427,2
77435,1
77455,12
77561,29
77798,1
77800,5
77808,1
77810,1
77837,2
77846,4
77866,4
77907,1
78034,3
78039,2
78041,4
78088,4
78101,1
78105,4
78111,1
78116,2
78122,1
78160,1
78174,1
78209,8
78218,1
78264,1
78266,2
78316,2
78321,1
78349,3
78467,3
78469,12
78499,42
78517,2
78544,1
78574,6
78637,5
78653,1
78703,1
78729,2
78772,2
78829,1
78836,2
78893,2
78903,1
78967,1
79006,1
79008,4
79029,1
79057,6
79091,16
79132,111
79134,5
79136,1
79139,2
79163,1
79185,8
79203,1
79224,4
79242,6
79251,2
79259,1
79274,4
79293,12
79318,1
79357,3
79428,5
79469,1
79553,4
79588,1
79590,1
79592,7
79677,1
79686,1
79695,9
79702,26
79720,2
79796,1
79824,2
79868,1
79879,2
79946,1
80026,1
80083,1
80126,4
80166,2
80185,1
80217,1
80219,6
80241,2
80346,1
80350,2
80363,4
80463,43
80489,17
80549,14
80551,2
80553,1
80572,1
80584,1
80586,2
80590,1
80599,1
80615,1
80693,6
80717,1
80727,2
80736,1
80748,1
80831,4
80839,1
80844,1
80846,2
80858,1
80860,1
80862,5
80864,2
80906,10
80917,1
80969,3
81018,1
81054,1
81083,2
81132,1
81138,1
81156,4
81158,3
81191,1
81229,18
81417,1
81512,2
81516,1
81535,2
81537,5
81562,23
81564,11
81591,34
81641,1
81660,1
81782,6
81784,5
81786,2
81788,3
81819,1
81831,1
81834,33
81845,40
81847,21
81898,1
81910,1
81932,11
81949,1
82035,1
82037,1
82041,2
82093,1
82095,4
82150,1
82152,1
82167,3
82169,4
82173,1
82202,7
82242,1
82378,2
82459,22
82461,13
82463,2
82499,2
82527,3
82534,1
82608,1
82667,4
82852,6
82854,4
82931,1
82934,1
83086,1
83096,1
83132,6
83134,8
83177,1
83270,1
83293,1
83318,1
83322,1
83332,1
83349,8
83359,1
83361,1
83374,2
83411,1
83480,1
83506,1
83603,1
83613,8
83803,2
83827,1
83829,1
83910,2
83976,2
84098,1
84116,1
84152,19
84154,1
84160,1
84187,6
84236,1
84304,1
84312,1
84374,8
84392,10
84395,1
84414,1
84506,1
84601,5
84615,4
84637,1
84696,1
84772,8
84844,5
84847,2
84944,7
84950,1
84952,2
84954,12
85016,1
85020,1
85022,5
85025,2
85056,3
85131,8
85179,4
85213,1
85261,1
85316,1
85342,5
85367,3
85394,1
85397,2
85399,1
85401,3
85412,4
85414,24
85438,2
85510,6
85572,1
85612,1
85736,4
85774,9
85788,4
85796,2
85881,6
86000,2
86014,1
86028,1
86059,1
86142,5
86190,8
86290,1
86293,4
86298,5
86320,6
86332,14
86345,6
86347,6
86377,9
86487,1
86504,3
86548,2
86593,1
86626,1
86644,5
86721,1
86781,3
86817,1
86833,8
86835,4
86852,1
86864,1
86880,10
86882,21
86884,1
86892,1
86898,1
86911,12
86982,1
87192,3
87205,1
87218,1
87222,6
87232,28
87234,2
87298,4
87304,3
87306,12
87383,1
87430,10
87444,1
87483,1
87485,8
87520,9
87522,2
87529,3
87598,1
87660,1
87785,1
87869,11
87876,4
87884,1
87930,1
87975,1
88024,1
88106,1
88118,1
88125,34
88129,15
88140,22
88163,14
88179,2
88235,1
88267,2
88272,1
88345,1
88356,3
88380,1
88405,9
88672,3
88682,2
88744,24
88785,3
88810,15
88812,6
88879,1
88932,1
88950,1
88954,1
89000,1
89030,2
89039,3
89045,1
89047,1
89072,1
89085,1
89087,3
89090,1
89102,1
89118,2
89194,1
89203,1
89260,1
89300,1
89305,1
89321,1
89337,1
89343,3
89356,1
89388,2
89408,1
89427,1
89470,8
89492,16
89678,1
89745,46
89753,1
89759,5
89761,1
89774,5
89804,9
89837,2
89840,3
89864,13
89870,1
89881,1
89904,6
90057,1
90061,1
90249,3
90266,2
90343,1
90345,1
90357,1
90374,5
90376,5
90403,1
90405,9
90428,3
90430,2
90439,6
90469,3
90522,1
90524,1
90531,7
90576,2
90600,3
90603,1
90717,2
90719,2
90738,1
90746,7
90863,1
90866,15
90870,1
90888,2
90890,2
90947,1
91077,5
91094,3
91104,2
91126,1
91128,1
91134,1
91199,2
91273,1
91286,1
91323,1
91325,1
91355,1
91414,1
91470,1
91483,2
91485,4
91488,1
91500,38
91505,1
91529,48
91535,7
91542,26
91548,1
91582,1
91610,1
91622,1
91628,2
91630,9
91653,5
91658,16
91660,2
91673,1
91688,1
91690,1
91842,4
91869,1
91873,1
91886,1
91890,1
91935,1
91947,1
91974,3
91976,2
91978,2
92004,1
92008,2
92048,1
92058,2
92163,1
92198,1
92206,1
92210,1
92234,1
92259,27
92264,2
92309,2
92420,10
92424,1
92439,1
92494,1
92496,1
92498,1
92507,4
92509,1
92535,5
92613,1
92665,1
92681,1
92694,1
92751,1
92756,1
92938,1
92954,1
92966,1
93040,3
93061,1
93242,1
93265,1
93270,3
93272,2
93287,2
93320,1
93324,1
93326,5
93363,8
93422,2
93432,1
93443,3
93498,1
93510,14
93512,4
93563,1
93693,1
93700,1
93721,4
93766,2
93805,1
93831,3
93838,6
93840,13
93855,2
93980,1
93982,1
94011,1
94015,3
94018,7
94024,1
94070,3
94266,2
94323,2
94325,1
94478,6
94480,1
94494,1
94672,1
94677,4
94777,13
94780,5
94799,1
94833,3
94864,16
94896,2
94919,1
94931,1
94939,1
94953,2
94959,26
95067,1
95088,6
95105,2
95113,1
95115,1
95135,2
95147,1
95165,1
95167,13
95182,1
95199,2
95201,1
95207,2
95307,5
95309,3
95311,3
95313,1
95375,1
95377,1
95441,10
95443,1
95449,3
95473,1
95475,1
95499,1
95508,1
95510,20
95543,1
95558,5
95567,1
95583,2
95654,1
95720,3
95740,1
95744,1
95752,1
95761,1
95780,1
95782,1
95858,4
95873,3
95875,9
95949,1
95963,1
95965,1
96004,1
96007,1
96020,1
96079,24
96110,6
96114,1
96150,1
96281,3
96314,1
96373,1
96417,2
96432,2
96448,2
96467,2
96488,4
96490,1
96530,1
96563,2
96565,1
96588,7
96590,1
96606,2
96610,20
96616,2
96634,1
96655,2
96667,1
96691,1
96726,1
96728,4
96737,10
96792,1
96811,3
96815,1
96821,14
96829,6
96832,1
96849,1
96861,4
96863,1
96901,1
96911,2
97057,1
97168,1
97188,2
97225,5
97230,1
97254,1
97304,19
97306,9
97328,1
97393,1
97395,1
97470,1
97593,1
97639,1
97673,2
97742,2
97744,1
97752,14
97757,1
97817,1
97826,1
97836,2
97858,1
97860,4
97866,4
97870,1
97895,1
97913,19
97921,22
97923,9
97936,2
97938,22
97957,2
97994,1
98000,1
98056,3
98083,2
98122,2
98124,5
98126,1
98154,7
98160,1
98175,1
98230,1
98243,5
98279,1
98296,2
98369,1
98441,1
98458,1
98473,1
98491,8
98585,1
98587,1
98604,1
98607,2
98611,1
98615,1
98795,1
98803,1
98809,25
98829,1
98836,1
98908,1
98913,1
98933,1
98961,11
98963,1
99005,1
99007,7
99030,1
99085,1
99089,1
99106,1
99112,8
99114,44
99117,4
99145,4
99149,6
99220,1
99270,1
99273,1
99276,1
99296,1
99320,1
99415,1
99437,2
99468,1
99470,1
99574,1
99609,1
99615,1
99669,1
99675,1
99728,4
99741,1
99764,2
99795,1
99811,1
99813,3
99839,1
99846,1
99912,1
99917,1
99992,1
100017,1
100032,1
100034,1
100083,2
100106,1
100159,2
100163,2
100226,1
100272,1
100304,1
100306,1
100326,1
100365,1
100383,8
100390,1
100487,2
100498,4
100517,1
100527,1
100553,1
100556,4
100581,3
100714,3
100745,2
100843,1
101025,2
101070,1
101076,2
101088,1
101106,1
101112,4
101142,4
101283,1
101285,3
101360,1
101362,5
101415,2
101525,5
101529,1
101531,2
101577,3
101612,3
101741,2
101850,1
101864,15
101884,1
101895,3
101904,1
101947,1
101962,1
102033,3
102123,12
102125,21
102165,1
102194,5
102217,1
102252,1
102278,1
102378,1
102396,1
102407,4
102445,20
102481,3
102588,1
102666,1
102684,1
102686,4
102716,2
102720,2
102753,1
102792,1
102800,4
102819,3
102880,5
102903,10
102905,1
102993,6
102995,1
103042,11
103048,3
103107,1
103137,2
103141,7
103210,1
103221,1
103228,16
103235,4
103249,16
103253,14
103279,2
103299,2
103335,8
103339,3
103341,10
103372,3
103384,3
103444,2
103502,1
103539,2
103543,1
103596,1
103624,4
103655,3
103659,1
103671,1
103688,4
103731,1
103755,1
103772,6
103801,2
103810,5
103813,1
103819,1
103865,1
103883,3
103980,2
103984,1
104069,3
104074,1
104076,1
104078,1
104119,1
104129,1
104211,2
104218,2
104241,3
104243,5
104245,1
104272,1
104283,4
104303,2
104312,1
104321,1
104337,1
104339,1
104374,15
104419,1
104441,1
104457,1
104590,1
104595,1
104597,1
104662,1
104726,1
104757,1
104760,1
104841,29
104863,2
104879,10
104881,1
104906,1
104913,11
104925,3
104944,2
105037,1
105121,1
105197,4
105211,2
105213,5
105246,2
105254,1
105351,1
105355,2
105429,1
105468,1
105504,10
105585,1
105593,2
105715,1
105731,2
105755,3
105763,1
105769,2
105844,12
105954,2
106002,11
106004,1
106011,1
106022,1
106062,2
106072,11
106100,21
106111,1
106144,1
106204,1
106236,1
106330,2
106332,3
106397,1
106417,1
106438,6
106441,2
106452,1
106471,1
106473,1
106487,26
106489,22
106491,3
106540,1
106542,1
106696,12
106762,1
106766,8
106782,29
106839,1
106870,1
106873,1
106883,1
106916,16
106918,7
106920,25
107042,1
107057,1
107069,4
107081,1
107083,2
107141,8
107314,1
107348,9
107382,1
107406,7
107412,1
107447,1
107516,1
107555,1
107559,1
107649,1
107702,1
107769,1
107771,3
107910,1
107945,1
107953,3
107978,1
107999,1
108076,1
108090,1
108156,2
108188,3
108190,11
108192,1
108447,1
108506,1
108514,1
108551,1
108601,1
108689,1
108709,1
108715,1
108729,4
108795,1
108873,1
108928,3
108932,13
108945,6
108949,1
108981,4
109042,1
109074,1
109161,1
109183,1
109187,4
109191,1
109205,1
109249,1
109295,1
109317,1
109359,1
109372,1
109374,35
109483,1
109487,43
109576,1
109578,6
109673,5
109687,1
109740,1
109742,1
109846,1
109848,6
109850,3
109853,1
109864,2
109895,2
110058,2
110102,17
110110,1
110127,6
110194,1
110297,1
110348,1
110352,1
110453,1
110461,1
110501,3
110553,6
110586,1
110591,3
110611,1
110645,1
110655,2
110730,9
110748,1
110752,1
110771,2
110781,1
110826,1
110858,1
110873,1
110882,2
111113,4
111228,1
111235,1
111360,7
111362,24
111364,7
111384,2
111443,6
111486,1
111529,3
111617,3
111622,5
111624,1
111659,6
111663,1
111680,1
111743,3
111759,26
111781,7
111795,2
111913,1
111921,6
111931,1
112006,1
112062,2
112070,1
112112,1
112138,8
112171,5
112175,8
112183,15
112277,1
112290,7
112303,1
112334,1
112370,5
112399,1
112421,3
112450,1
112460,2
112497,1
112515,6
112552,28
112556,25
112577,1
112582,1
112623,8
112653,1
112655,1
112689,1
112735,1
112749,1
112767,1
112788,2
112804,2
112818,2
112850,1
112852,37
112897,1
112911,2
112921,1
112940,2
113064,2
113186,1
113207,1
113220,1
113225,1
113252,2
113275,1
113345,2
113348,3
113378,3
113416,1
113453,3
113532,1
113565,1
113573,1
113640,1
113705,2
113741,3
113780,1
113829,3
113862,3
113938,1
114028,3
114044,1
114060,3
114074,4
114082,1
114122,1
114180,7
114265,1
114342,4
114464,1
114552,1
114601,2
114635,2
114662,9
114670,2
114707,1
114762,1
114766,1
114795,1
114818,1
114925,1
114935,5
115122,4
115147,1
115149,10
115151,1
115170,3
115174,1
115210,8
115216,2
115231,2
115502,1
115534,1
115569,13
115617,21
115624,1
115664,1
115680,2
115713,26
115877,1
115881,2
115927,1
116012,1
116136,1
116161,3
116207,1
116397,2
116413,1
116419,1
116503,1
116660,2
116797,32
116799,3
116823,10
116849,1
116855,1
116887,1
116897,3
116939,1
116977,3
116985,1
117107,1
117121,1
117123,1
117176,12
117192,2
117434,1
117444,2
117456,1
117511,1
117529,9
117533,3
117590,1
117851,1
117871,1
117895,3
118082,1
118105,1
118248,1
118260,1
118326,1
118334,1
118354,1
118468,1
118696,10
118702,1
118814,1
118880,1
118890,1
118898,1
118900,3
118924,2
118985,2
118997,4
119068,1
119141,6
119145,13
119155,2
119655,1
120392,1
120466,6
120635,1
120637,2
120783,1
120799,7
120805,1
120821,1
121113,1
121126,1
121171,1
121231,6
121491,1
121618,1
122490,1
122882,31
122886,29
122888,1
122890,3
122892,13
122900,17
122902,6
122904,18
122920,7
122924,3
122932,1
123947,1
124859,1
125916,1
126006,1
126420,1
126430,1
126548,1
127052,1
127096,1
127098,1
127108,1
127114,1
127124,1
127136,3
127152,4
127158,1
127164,1
127178,1
127194,1
127198,4
127202,3
127204,1
127206,1
127319,1
127728,1
128360,8
128512,2
128520,2
128592,1
128606,1
128616,1
128620,1
128846,1
129009,1
129191,1
129250,1
129313,1
129354,3
129364,1
129428,2
129514,1
129653,1
129657,1
129659,1
129737,1
129937,2
130073,1
130083,1
130087,1
130351,1
130448,2
130450,1
130452,2
130490,3
130520,2
130522,1
130576,1
130580,1
130628,1
130634,2
130642,1
130682,1
130960,1
130970,1
130980,1
131013,4
131168,1
131451,1
131714,1
131724,3
131830,1
132046,7
132074,1
132146,1
132157,2
132333,1
132462,1
132480,1
132488,1
132496,1
132618,1
132796,6
132888,1
132952,1
132961,1
133195,2
133281,1
133295,1
133365,1
133377,1
133419,6
133545,1
133645,1
133771,2
133782,1
133798,1
133824,1
134025,1
134130,25
134158,1
134170,6
134246,1
134368,5
134393,5
134528,1
134569,1
134783,1
134853,24
134859,1
134881,2
135133,4
135137,2
135264,1
135266,1
135268,1
135436,2
135508,1
135518,3
135532,1
135536,1
135567,2
135569,2
135861,3
135887,5
136016,2
136018,1
136020,4
136305,1
136445,1
136447,1
136449,1
136562,2
136592,1
136598,4
136602,1
136654,1
136666,1
136800,1
136816,1
136864,8
137337,3
137403,1
137595,1
137857,4
138036,7
138204,1
138208,2
138258,1
138546,1
138696,1
138698,1
139116,1
139130,1
139385,12
139415,1
139620,1
139642,2
139644,7
139757,2
139855,1
139915,1
140110,4
140152,1
140174,5
140237,1
140247,1
140265,1
140267,3
140523,1
140711,3
140715,3
140725,1
140739,1
140741,1
140743,1
140745,1
140747,1
140749,1
140751,1
140753,1
140755,1
140757,1
140759,1
140761,1
140763,1
140816,1
140880,1
140928,3
141124,1
141422,1
141668,1
141688,1
141718,1
141749,1
141866,1
141886,1
141890,1
141956,1
142068,1
142192,1
142240,1
142258,1
142422,1
142448,2
142488,9
142507,1
142536,1
142997,2
143255,1
143257,1
143377,1
143385,3
143410,1
143472,1
143657,1
143859,1
144620,1
144714,1
144976,1
145150,1
145307,1
145775,1
145839,1
145935,2
146309,1
146443,1
146501,1
146604,1
146656,6
146682,1
146688,1
147006,1
147010,1
147037,1
147426,1
147845,1
148168,1
148238,1
148372,1
148626,10
148652,1
148881,1
148888,1
148956,1
149352,2
149354,3
149406,3
149532,1
149572,1
149590,1
149606,1
149612,1
149830,1
150401,1
151307,1
151639,1
152017,1
152025,1
152057,1
152077,5
152079,1
152081,9
152091,1
152173,1
152844,1
153584,1
155392,1
155611,1
155820,1
156025,1
156387,1
156607,2
156609,2
156726,1
157200,1
157296,3
157407,1
157667,1
158238,2
158314,1
158528,1
158956,1
159093,2
159462,1
159690,1
159755,1
159858,2
159972,1
160080,1
160271,1
160438,2
160440,1
160563,2
160565,1
160567,1
160590,1
160656,1
160718,1
161084,1
161155,1
161594,1
161830,1
161918,1
161944,1
162542,1
162672,1
163949,1
